word,phonetic,part_of_speech,meaning,difficulty,category
accent,/ˈæksent/,n.,口音；重音,easy,CET4
accept,/əkˈsept/,v.,接受；同意,easy,CET4
according,/əˈkɔːdɪŋ/,adv.,按照；根据,easy,CET4
account,/əˈkaʊnt/,n.,账户；说明；账目,easy,CET4
accurate,/ˈækjərət/,adj.,准确的；精确的,easy,CET4
accuse,/əˈkjuːz/,v.,指控；指责,easy,CET4
accustomed,/əˈkʌstəmd/,adj.,习惯的,easy,CET4
acid,/ˈæsɪd/,n.,酸；adj. 酸的,easy,CET4
acknowledge,/əkˈnɒlɪdʒ/,v.,承认；致谢,medium,CET4
acquaintance,/əˈkweɪntəns/,n.,熟人；相识,medium,CET4
acquire,/əˈkwaɪər/,v.,获得；学到,medium,CET4
adapt,/əˈdæpt/,v.,适应；改编,medium,CET4
addict,/ˈædɪkt/,n.,上瘾者；v. 使上瘾,easy,CET4
address,/əˈdres/,n.,地址；演讲；v. 处理,easy,CET4
adequate,/ˈædɪkwət/,adj.,足够的；适当的,medium,CET4
adjust,/əˈdʒʌst/,v.,调整；适应,easy,CET4
admire,/ədˈmaɪər/,v.,钦佩；欣赏,easy,CET4
admit,/ədˈmɪt/,v.,承认；准许进入,easy,CET4
adopt,/əˈdɒpt/,v.,采纳；收养,easy,CET4
advance,/ədˈvɑːns/,v.,前进；进步；n. 进展,easy,CET4
advantage,/ədˈvɑːntɪdʒ/,n.,优势；有利条件,easy,CET4
adventure,/ədˈventʃər/,n.,冒险；奇遇,easy,CET4
advertise,/ˈædvətaɪz/,v.,做广告；宣传,easy,CET4
affair,/əˈfeər/,n.,事情；事务,easy,CET4
affect,/əˈfekt/,v.,影响；感动,medium,CET4
afford,/əˈfɔːd/,v.,负担得起；提供,easy,CET4
agency,/ˈeɪdʒənsi/,n.,代理机构；中介,easy,CET4
agenda,/əˈdʒendə/,n.,议程；日程,easy,CET4
aggressive,/əˈɡresɪv/,adj.,好斗的；进取的,medium,CET4
agriculture,/ˈæɡrɪkʌltʃər/,n.,农业,medium,CET4
aim,/eɪm/,n.,目标；v. 瞄准,easy,CET4
airline,/ˈeəlaɪn/,n.,航空公司,easy,CET4
alarm,/əˈlɑːm/,n.,警报；闹钟；v. 使惊恐,easy,CET4
album,/ˈælbəm/,n.,相册；专辑,easy,CET4
alcohol,/ˈælkəhɒl/,n.,酒精；酒,easy,CET4
allow,/əˈlaʊ/,v.,允许；准许,easy,CET4
alternative,/ɔːlˈtɜːnətɪv/,n.,替代方案；adj. 可供选择的,medium,CET4
amaze,/əˈmeɪz/,v.,使惊奇,medium,CET4
ambition,/æmˈbɪʃn/,n.,雄心；抱负,medium,CET4
ambulance,/ˈæmbjələns/,n.,救护车,easy,CET4
amount,/əˈmaʊnt/,n.,数量；总额,easy,CET4
amuse,/əˈmjuːz/,v.,逗乐；使消遣,medium,CET4
analyse,/ˈænəlaɪz/,v.,分析,medium,CET4
ancient,/ˈeɪnʃənt/,adj.,古代的；古老的,easy,CET4
anniversary,/ˌænɪˈvɜːsəri/,n.,周年纪念日,medium,CET4
announce,/əˈnaʊns/,v.,宣布；宣告,easy,CET4
annoy,/əˈnɔɪ/,v.,使恼怒；打扰,easy,CET4
annual,/ˈænjuəl/,adj.,每年的；n. 年刊,medium,CET4
anxiety,/æŋˈzaɪəti/,n.,焦虑；担忧,medium,CET4
apologize,/əˈpɒlədʒaɪz/,v.,道歉,easy,CET4
apparent,/əˈpærənt/,adj.,显然的；表面上的,medium,CET4
appeal,/əˈpiːl/,v.,呼吁；吸引；上诉,medium,CET4
appetite,/ˈæpɪtaɪt/,n.,食欲；欲望,medium,CET4
applaud,/əˈplɔːd/,v.,鼓掌；称赞,medium,CET4
apply,/əˈplaɪ/,v.,申请；应用；适用,easy,CET4
appoint,/əˈpɔɪnt/,v.,任命；约定,medium,CET4
appreciate,/əˈpriːʃieɪt/,v.,感激；欣赏；领会,medium,CET4
approach,/əˈprəʊtʃ/,v.,接近；n. 方法；途径,medium,CET4
appropriate,/əˈprəʊpriət/,adj.,适当的；恰当的,medium,CET4
approve,/əˈpruːv/,v.,批准；赞成,medium,CET4
argue,/ˈɑːɡjuː/,v.,争论；主张,easy,CET4
arrange,/əˈreɪndʒ/,v.,安排；整理,easy,CET4
arrest,/əˈrest/,v.,逮捕；n. 逮捕,medium,CET4
article,/ˈɑːtɪkl/,n.,文章；物品；冠词,easy,CET4
artificial,/ˌɑːtɪˈfɪʃl/,adj.,人工的；人造的,medium,CET4
ashamed,/əˈʃeɪmd/,adj.,羞愧的,easy,CET4
aspect,/ˈæspekt/,n.,方面；外观,medium,CET4
assess,/əˈses/,v.,评估；估价,medium,CET4
assign,/əˈsaɪn/,v.,分配；指派,medium,CET4
assist,/əˈsɪst/,v.,帮助；协助,medium,CET4
associate,/əˈsəʊʃieɪt/,v.,联想；交往；n. 同事,medium,CET4
assume,/əˈsjuːm/,v.,假定；承担,medium,CET4
astonish,/əˈstɒnɪʃ/,v.,使惊讶,medium,CET4
athlete,/ˈæθliːt/,n.,运动员,medium,CET4
atmosphere,/ˈætməsfɪər/,n.,大气；气氛,medium,CET4
attach,/əˈtætʃ/,v.,附上；贴上；使依恋,medium,CET4
attack,/əˈtæk/,v.,攻击；n. 进攻,easy,CET4
attempt,/əˈtempt/,v.,尝试；n. 企图,medium,CET4
attitude,/ˈætɪtjuːd/,n.,态度；看法,easy,CET4
attract,/əˈtrækt/,v.,吸引,easy,CET4
audience,/ˈɔːdiəns/,n.,观众；听众,easy,CET4
authority,/ɔːˈθɒrəti/,n.,权威；当局,medium,CET4
automatic,/ˌɔːtəˈmætɪk/,adj.,自动的,medium,CET4
available,/əˈveɪləbl/,adj.,可获得的；有空的,easy,CET4
average,/ˈævərɪdʒ/,n.,平均数；adj. 平均的,easy,CET4
avoid,/əˈvɔɪd/,v.,避免；回避,easy,CET4
awake,/əˈweɪk/,adj.,醒着的；v. 唤醒,easy,CET4
award,/əˈwɔːd/,n.,奖品；v. 授予,easy,CET4
aware,/əˈweər/,adj.,意识到的；知道的,medium,CET4
awkward,/ˈɔːkwəd/,adj.,尴尬的；笨拙的,medium,CET4
background,/ˈbækɡraʊnd/,n.,背景；经历,easy,CET4
bacteria,/bækˈtɪəriə/,n.,细菌,medium,CET4
balance,/ˈbæləns/,n.,平衡；余额；v. 使平衡,easy,CET4
ban,/bæn/,v.,禁止；n. 禁令,easy,CET4
bargain,/ˈbɑːɡɪn/,n.,便宜货；交易；v. 讨价还价,medium,CET4
barrier,/ˈbæriər/,n.,障碍；屏障,medium,CET4
basic,/ˈbeɪsɪk/,adj.,基本的；基础的,easy,CET4
behave,/bɪˈheɪv/,v.,表现；举止,easy,CET4
belief,/bɪˈliːf/,n.,信念；相信,easy,CET4
benefit,/ˈbenɪfɪt/,n.,利益；好处；v. 受益,easy,CET4
betray,/bɪˈtreɪ/,v.,背叛；泄露,medium,CET4
beyond,/bɪˈjɒnd/,prep.,超出；在……之外,easy,CET4
billion,/ˈbɪljən/,num.,十亿,easy,CET4
biology,/baɪˈɒlədʒi/,n.,生物学,easy,CET4
blame,/bleɪm/,v.,责备；归咎于,easy,CET4
blank,/blæŋk/,adj.,空白的；n. 空白,easy,CET4
bleed,/bliːd/,v.,流血,medium,CET4
bless,/bles/,v.,祝福,medium,CET4
block,/blɒk/,n.,街区；块；v. 阻塞,easy,CET4
board,/bɔːd/,n.,木板；董事会；登机,easy,CET4
boast,/bəʊst/,v.,吹嘘；自夸,medium,CET4
bond,/bɒnd/,n.,纽带；债券；v. 结合,medium,CET4
border,/ˈbɔːdər/,n.,边界；边境,easy,CET4
bother,/ˈbɒðər/,v.,打扰；费心,easy,CET4
bounce,/baʊns/,v.,弹起；反弹,medium,CET4
brand,/brænd/,n.,品牌；商标,easy,CET4
brave,/breɪv/,adj.,勇敢的,easy,CET4
breakthrough,/ˈbreɪkθruː/,n.,突破,medium,CET4
brief,/briːf/,adj.,简短的；n. 摘要,easy,CET4
brilliant,/ˈbrɪliənt/,adj.,杰出的；明亮的,medium,CET4
broad,/brɔːd/,adj.,宽阔的；广泛的,easy,CET4
budget,/ˈbʌdʒɪt/,n.,预算；v. 编制预算,easy,CET4
bunch,/bʌntʃ/,n.,束；串；一群,easy,CET4
burden,/ˈbɜːdn/,n.,负担；重担,medium,CET4
bureau,/ˈbjʊərəʊ/,n.,局；办事处,medium,CET4
burst,/bɜːst/,v.,爆发；破裂,easy,CET4
cabinet,/ˈkæbɪnət/,n.,内阁；橱柜,medium,CET4
cable,/ˈkeɪbl/,n.,电缆；缆绳,easy,CET4
calculate,/ˈkælkjuleɪt/,v.,计算；估计,medium,CET4
campaign,/kæmˈpeɪn/,n.,运动；战役,medium,CET4
campus,/ˈkæmpəs/,n.,校园,easy,CET4
cancel,/ˈkænsl/,v.,取消,easy,CET4
candidate,/ˈkændɪdət/,n.,候选人；应试者,medium,CET4
capable,/ˈkeɪpəbl/,adj.,有能力的,medium,CET4
captain,/ˈkæptɪn/,n.,船长；队长,easy,CET4
capture,/ˈkæptʃər/,v.,捕获；夺取；吸引,medium,CET4
career,/kəˈrɪər/,n.,职业；生涯,easy,CET4
cash,/kæʃ/,n.,现金；v. 兑现,easy,CET4
casual,/ˈkæʒuəl/,adj.,随便的；偶然的,medium,CET4
catalogue,/ˈkætəlɒɡ/,n.,目录,medium,CET4
category,/ˈkætəɡəri/,n.,类别；种类,medium,CET4
cautious,/ˈkɔːʃəs/,adj.,谨慎的,medium,CET4
celebrate,/ˈselɪbreɪt/,v.,庆祝；赞美,easy,CET4
census,/ˈsensəs/,n.,人口普查,medium,CET4
ceremony,/ˈserəməni/,n.,典礼；仪式,medium,CET4
certain,/ˈsɜːtn/,adj.,确定的；某些,easy,CET4
challenge,/ˈtʃælɪndʒ/,n.,挑战；v. 向……挑战,easy,CET4
channel,/ˈtʃænl/,n.,频道；海峡；渠道,easy,CET4
character,/ˈkærəktər/,n.,性格；角色；汉字,medium,CET4
charge,/tʃɑːdʒ/,v.,收费；指控；充电；n. 费用,easy,CET4
charity,/ˈtʃærəti/,n.,慈善；慈善机构,medium,CET4
chart,/tʃɑːt/,n.,图表,easy,CET4
cheat,/tʃiːt/,v.,欺骗；作弊,easy,CET4
chemical,/ˈkemɪkl/,adj.,化学的；n. 化学品,easy,CET4
chief,/tʃiːf/,adj.,主要的；n. 首领,easy,CET4
circumstance,/ˈsɜːkəmstəns/,n.,环境；情况,medium,CET4
civilization,/ˌsɪvəlaɪˈzeɪʃn/,n.,文明,medium,CET4
claim,/kleɪm/,v.,声称；索取；n. 索赔,medium,CET4
clarify,/ˈklærəfaɪ/,v.,澄清；阐明,medium,CET4
classic,/ˈklæsɪk/,adj.,经典的；n. 经典作品,medium,CET4
client,/ˈklaɪənt/,n.,客户；委托人,easy,CET4
climate,/ˈklaɪmət/,n.,气候,easy,CET4
clue,/kluː/,n.,线索；提示,easy,CET4
coach,/kəʊtʃ/,n.,教练；长途汽车,easy,CET4
collapse,/kəˈlæps/,v.,倒塌；崩溃,medium,CET4
colleague,/ˈkɒliːɡ/,n.,同事,easy,CET4
combine,/kəmˈbaɪn/,v.,结合；联合,medium,CET4
comfort,/ˈkʌmfət/,n.,舒适；安慰；v. 安慰,easy,CET4
commercial,/kəˈmɜːʃl/,adj.,商业的；n. 广告,medium,CET4
commit,/kəˈmɪt/,v.,犯（罪）；承诺；投入,medium,CET4
committee,/kəˈmɪti/,n.,委员会,medium,CET4
communicate,/kəˈmjuːnɪkeɪt/,v.,交流；传达,easy,CET4
community,/kəˈmjuːnəti/,n.,社区；团体,easy,CET4
compare,/kəmˈpeər/,v.,比较；对比,easy,CET4
compete,/kəmˈpiːt/,v.,竞争；比赛,medium,CET4
complain,/kəmˈpleɪn/,v.,抱怨；投诉,easy,CET4
complete,/kəmˈpliːt/,adj.,完整的；v. 完成,easy,CET4
complex,/ˈkɒmpleks/,adj.,复杂的；n. 综合体,medium,CET4
complicate,/ˈkɒmplɪkeɪt/,v.,使复杂化,medium,CET4
component,/kəmˈpəʊnənt/,n.,组成部分；部件,medium,CET4
compose,/kəmˈpəʊz/,v.,组成；创作,medium,CET4
concentrate,/ˈkɒnsntreɪt/,v.,集中；专心,medium,CET4
concept,/ˈkɒnsept/,n.,概念；观念,medium,CET4
concern,/kənˈsɜːn/,n.,关心；担忧；v. 涉及,medium,CET4
conclude,/kənˈkluːd/,v.,得出结论；结束,medium,CET4
concrete,/ˈkɒŋkriːt/,adj.,具体的；n. 混凝土,medium,CET4
condition,/kənˈdɪʃn/,n.,条件；状况,easy,CET4
conduct,/kənˈdʌkt/,v.,进行；指挥；n. 行为,medium,CET4
conference,/ˈkɒnfərəns/,n.,会议,medium,CET4
confidence,/ˈkɒnfɪdəns/,n.,信心；信任,easy,CET4
confirm,/kənˈfɜːm/,v.,确认；证实,medium,CET4
conflict,/ˈkɒnflɪkt/,n.,冲突；矛盾；v. 抵触,medium,CET4
confuse,/kənˈfjuːz/,v.,使困惑；混淆,medium,CET4
congratulate,/kənˈɡrætʃuleɪt/,v.,祝贺,medium,CET4
connect,/kəˈnekt/,v.,连接；联系,easy,CET4
consequence,/ˈkɒnsɪkwəns/,n.,后果；结果,medium,CET4
conservative,/kənˈsɜːvətɪv/,adj.,保守的,medium,CET4
consider,/kənˈsɪdər/,v.,考虑；认为,easy,CET4
consist,/kənˈsɪst/,v.,由……组成；在于,medium,CET4
constant,/ˈkɒnstənt/,adj.,持续的；恒定的,medium,CET4
construct,/kənˈstrʌkt/,v.,建造；构筑,medium,CET4
consult,/kənˈsʌlt/,v.,咨询；查阅,medium,CET4
consume,/kənˈsjuːm/,v.,消耗；消费,medium,CET4
contact,/ˈkɒntækt/,n.,联系；接触；v. 联系,easy,CET4
contain,/kənˈteɪn/,v.,包含；容纳,easy,CET4
contemporary,/kənˈtemprəri/,adj.,当代的；同时代的,medium,CET4
content,/ˈkɒntent/,n.,内容；满足；adj. 满意的,easy,CET4
contest,/ˈkɒntest/,n.,竞赛；比赛；v. 争夺,easy,CET4
context,/ˈkɒntekst/,n.,上下文；背景,medium,CET4
continent,/ˈkɒntɪnənt/,n.,大陆；洲,medium,CET4
contract,/ˈkɒntrækt/,n.,合同；v. 收缩,medium,CET4
contradict,/ˌkɒntrəˈdɪkt/,v.,反驳；与……矛盾,medium,CET4
contrary,/ˈkɒntrəri/,adj.,相反的；n. 反面,medium,CET4
contribute,/kənˈtrɪbjuːt/,v.,贡献；捐助；促成,medium,CET4
convenient,/kənˈviːniənt/,adj.,方便的,medium,CET4
convention,/kənˈvenʃn/,n.,惯例；大会；公约,medium,CET4
conversation,/ˌkɒnvəˈseɪʃn/,n.,谈话；会话,easy,CET4
convert,/kənˈvɜːt/,v.,转变；转换,medium,CET4
convince,/kənˈvɪns/,v.,使确信；说服,medium,CET4
cooperate,/kəʊˈɒpəreɪt/,v.,合作；协作,medium,CET4
cope,/kəʊp/,v.,应付；处理,medium,CET4
core,/kɔːr/,n.,核心；果核,medium,CET4
corporation,/ˌkɔːpəˈreɪʃn/,n.,公司；法人,medium,CET4
correspond,/ˌkɒrəˈspɒnd/,v.,符合；通信,medium,CET4
corrupt,/kəˈrʌpt/,adj.,腐败的；v. 腐蚀,medium,CET4
costume,/ˈkɒstjuːm/,n.,服装；戏装,medium,CET4
council,/ˈkaʊnsl/,n.,委员会；理事会,medium,CET4
courage,/ˈkʌrɪdʒ/,n.,勇气；胆量,easy,CET4
course,/kɔːs/,n.,课程；过程；路线,easy,CET4
craft,/krɑːft/,n.,工艺；手艺；v. 精心制作,medium,CET4
crash,/kræʃ/,v.,碰撞；坠毁；n. 撞击,easy,CET4
create,/kriˈeɪt/,v.,创造；创建,easy,CET4
credit,/ˈkredɪt/,n.,信用；学分；赞扬,medium,CET4
crime,/kraɪm/,n.,罪行；犯罪,easy,CET4
crisis,/ˈkraɪsɪs/,n.,危机,medium,CET4
criticize,/ˈkrɪtɪsaɪz/,v.,批评；指责,medium,CET4
crowd,/kraʊd/,n.,人群；v. 拥挤,easy,CET4
crucial,/ˈkruːʃl/,adj.,至关重要的,medium,CET4
culture,/ˈkʌltʃər/,n.,文化；教养,easy,CET4
cure,/kjʊər/,v.,治愈；n. 疗法,easy,CET4
curious,/ˈkjʊəriəs/,adj.,好奇的,medium,CET4
current,/ˈkʌrənt/,adj.,当前的；n. 水流；电流,medium,CET4
curriculum,/kəˈrɪkjələm/,n.,课程；全部课程,medium,CET4
custom,/ˈkʌstəm/,n.,风俗；习惯；顾客,easy,CET4
customer,/ˈkʌstəmər/,n.,顾客；客户,easy,CET4
cycle,/ˈsaɪkl/,n.,循环；自行车,easy,CET4
damage,/ˈdæmɪdʒ/,n.,损害；v. 损坏,easy,CET4
deadline,/ˈdedlaɪn/,n.,截止日期,medium,CET4
debate,/dɪˈbeɪt/,n.,辩论；争论,medium,CET4
debt,/det/,n.,债务；欠款,easy,CET4
decade,/ˈdekeɪd/,n.,十年,medium,CET4
decay,/dɪˈkeɪ/,v.,腐烂；衰退,medium,CET4
deceive,/dɪˈsiːv/,v.,欺骗,medium,CET4
declare,/dɪˈkleər/,v.,宣布；声明,easy,CET4
decline,/dɪˈklaɪn/,v.,下降；拒绝；n. 衰退,medium,CET4
decorate,/ˈdekəreɪt/,v.,装饰；布置,easy,CET4
decrease,/dɪˈkriːs/,v.,减少；n. 减少,medium,CET4
defeat,/dɪˈfiːt/,v.,击败；n. 失败,easy,CET4
defend,/dɪˈfend/,v.,保卫；辩护,easy,CET4
define,/dɪˈfaɪn/,v.,定义；界定,medium,CET4
degree,/dɪˈɡriː/,n.,程度；学位；度,easy,CET4
delay,/dɪˈleɪ/,v.,推迟；n. 耽搁,easy,CET4
deliberate,/dɪˈlɪbərət/,adj.,故意的；深思熟虑的,medium,CET4
delicate,/ˈdelɪkət/,adj.,精致的；脆弱的；微妙的,medium,CET4
deliver,/dɪˈlɪvər/,v.,递送；发表；交付,easy,CET4
demand,/dɪˈmɑːnd/,v.,要求；n. 需求,easy,CET4
democracy,/dɪˈmɒkrəsi/,n.,民主,medium,CET4
deny,/dɪˈnaɪ/,v.,否认；拒绝,medium,CET4
department,/dɪˈpɑːtmənt/,n.,部门；系,easy,CET4
depend,/dɪˈpend/,v.,依赖；取决于,easy,CET4
deposit,/dɪˈpɒzɪt/,n.,存款；押金；v. 存放,medium,CET4
depress,/dɪˈpres/,v.,使沮丧；使萧条,medium,CET4
describe,/dɪˈskraɪb/,v.,描述；形容,easy,CET4
deserve,/dɪˈzɜːv/,v.,应得；值得,medium,CET4
design,/dɪˈzaɪn/,v.,设计；n. 设计,easy,CET4
desire,/dɪˈzaɪər/,n.,渴望；欲望；v. 渴望,easy,CET4
desperate,/ˈdespərət/,adj.,绝望的；不顾一切的,medium,CET4
despite,/dɪˈspaɪt/,prep.,尽管,medium,CET4
destination,/ˌdestɪˈneɪʃn/,n.,目的地,medium,CET4
destroy,/dɪˈstrɔɪ/,v.,破坏；摧毁,easy,CET4
detail,/ˈdiːteɪl/,n.,细节；详情,easy,CET4
detect,/dɪˈtekt/,v.,察觉；发现,medium,CET4
determine,/dɪˈtɜːmɪn/,v.,决定；决心,medium,CET4
develop,/dɪˈveləp/,v.,发展；开发；培养,easy,CET4
device,/dɪˈvaɪs/,n.,设备；装置；手段,medium,CET4
devote,/dɪˈvəʊt/,v.,奉献；致力于,medium,CET4
diagram,/ˈdaɪəɡræm/,n.,图表；示意图,medium,CET4
digital,/ˈdɪdʒɪtl/,adj.,数字的；数码的,easy,CET4
dignity,/ˈdɪɡnəti/,n.,尊严；庄重,medium,CET4
dilemma,/dɪˈlemə/,n.,困境；进退两难,medium,CET4
dimension,/daɪˈmenʃn/,n.,尺寸；方面；维度,medium,CET4
diploma,/dɪˈpləʊmə/,n.,毕业文凭；证书,medium,CET4
direct,/dəˈrekt/,adj.,直接的；v. 指导；导演,easy,CET4
disappoint,/ˌdɪsəˈpɔɪnt/,v.,使失望,medium,CET4
disaster,/dɪˈzɑːstər/,n.,灾难；灾祸,medium,CET4
discipline,/ˈdɪsəplɪn/,n.,纪律；学科；v. 训练,medium,CET4
discount,/ˈdɪskaʊnt/,n.,折扣,medium,CET4
discourage,/dɪsˈkʌrɪdʒ/,v.,使气馁；劝阻,medium,CET4
discover,/dɪˈskʌvər/,v.,发现,easy,CET4
discuss,/dɪˈskʌs/,v.,讨论,easy,CET4
disease,/dɪˈziːz/,n.,疾病,easy,CET4
dismiss,/dɪsˈmɪs/,v.,解雇；解散；不予考虑,medium,CET4
display,/dɪˈspleɪ/,v.,展示；n. 展览；显示,medium,CET4
distance,/ˈdɪstəns/,n.,距离；远方,easy,CET4
distinct,/dɪˈstɪŋkt/,adj.,明显的；不同的,medium,CET4
distinguish,/dɪˈstɪŋɡwɪʃ/,v.,区分；辨别,medium,CET4
distribute,/dɪˈstrɪbjuːt/,v.,分发；分配,medium,CET4
disturb,/dɪˈstɜːb/,v.,打扰；使不安,medium,CET4
diverse,/daɪˈvɜːs/,adj.,多样的；不同的,medium,CET4
divide,/dɪˈvaɪd/,v.,分开；除,easy,CET4
document,/ˈdɒkjumənt/,n.,文件；文档,easy,CET4
domestic,/dəˈmestɪk/,adj.,国内的；家庭的,medium,CET4
donate,/dəʊˈneɪt/,v.,捐赠,medium,CET4
dormitory,/ˈdɔːmətri/,n.,宿舍,easy,CET4
doubt,/daʊt/,n.,怀疑；v. 怀疑,easy,CET4
draft,/drɑːft/,n.,草稿；v. 起草,medium,CET4
dramatic,/drəˈmætɪk/,adj.,戏剧性的；巨大的,medium,CET4
drawback,/ˈdrɔːbæk/,n.,缺点；不利条件,medium,CET4
dream,/driːm/,n.,梦想；v. 做梦,easy,CET4
drift,/drɪft/,v.,漂流；n. 漂移,medium,CET4
due,/djuː/,adj.,到期的；应有的,easy,CET4
dull,/dʌl/,adj.,乏味的；迟钝的；阴沉的,easy,CET4
dump,/dʌmp/,v.,倾倒；丢弃；n. 垃圾场,medium,CET4
durable,/ˈdjʊərəbl/,adj.,耐用的；持久的,medium,CET4
duty,/ˈdjuːti/,n.,责任；义务；关税,easy,CET4
dynamic,/daɪˈnæmɪk/,adj.,动态的；有活力的,medium,CET4
earn,/ɜːn/,v.,赚得；赢得,easy,CET4
earthquake,/ˈɜːθkweɪk/,n.,地震,medium,CET4
ease,/iːz/,n.,容易；安逸；v. 缓解,easy,CET4
economy,/ɪˈkɒnəmi/,n.,经济；节约,easy,CET4
edge,/edʒ/,n.,边缘；刀刃,easy,CET4
educate,/ˈedʒukeɪt/,v.,教育；培养,easy,CET4
effect,/ɪˈfekt/,n.,效果；影响,easy,CET4
efficient,/ɪˈfɪʃnt/,adj.,高效的；效率高的,medium,CET4
effort,/ˈefət/,n.,努力；尝试,easy,CET4
elderly,/ˈeldəli/,adj.,年长的；老年的,easy,CET4
elect,/ɪˈlekt/,v.,选举；选择,medium,CET4
elementary,/ˌelɪˈmentri/,adj.,基本的；初级的,medium,CET4
eliminate,/ɪˈlɪmɪneɪt/,v.,消除；淘汰,medium,CET4
embarrass,/ɪmˈbærəs/,v.,使尴尬,medium,CET4
emergency,/ɪˈmɜːdʒənsi/,n.,紧急情况,medium,CET4
emotion,/ɪˈməʊʃn/,n.,情感；情绪,easy,CET4
emphasize,/ˈemfəsaɪz/,v.,强调；着重,medium,CET4
empire,/ˈempaɪər/,n.,帝国,medium,CET4
employ,/ɪmˈplɔɪ/,v.,雇用；使用,easy,CET4
enable,/ɪˈneɪbl/,v.,使能够；使可能,medium,CET4
encounter,/ɪnˈkaʊntər/,v.,遭遇；遇到；n. 相遇,medium,CET4
encourage,/ɪnˈkʌrɪdʒ/,v.,鼓励；促进,easy,CET4
endure,/ɪnˈdjʊər/,v.,忍受；持续,medium,CET4
energy,/ˈenədʒi/,n.,能量；精力,easy,CET4
engage,/ɪnˈɡeɪdʒ/,v.,从事；参与；吸引,medium,CET4
engine,/ˈendʒɪn/,n.,发动机；引擎,easy,CET4
enhance,/ɪnˈhɑːns/,v.,提高；增强,medium,CET4
enormous,/ɪˈnɔːməs/,adj.,巨大的,medium,CET4
ensure,/ɪnˈʃʊər/,v.,确保；保证,medium,CET4
enterprise,/ˈentəpraɪz/,n.,企业；事业,medium,CET4
enthusiasm,/ɪnˈθjuːziæzəm/,n.,热情；热忱,medium,CET4
entire,/ɪnˈtaɪər/,adj.,整个的；全部的,easy,CET4
environment,/ɪnˈvaɪrənmənt/,n.,环境,easy,CET4
equal,/ˈiːkwəl/,adj.,相等的；平等的；v. 等于,easy,CET4
equip,/ɪˈkwɪp/,v.,装备；配备,medium,CET4
escape,/ɪˈskeɪp/,v.,逃跑；逃避,easy,CET4
especially,/ɪˈspeʃəli/,adv.,尤其；特别,easy,CET4
essay,/ˈeseɪ/,n.,文章；散文,medium,CET4
essential,/ɪˈsenʃl/,adj.,必不可少的；本质的,medium,CET4
establish,/ɪˈstæblɪʃ/,v.,建立；确立,medium,CET4
estimate,/ˈestɪmeɪt/,v.,估计；n. 估计,medium,CET4
evaluate,/ɪˈvæljueɪt/,v.,评估；评价,medium,CET4
eventually,/ɪˈventʃuəli/,adv.,最终；终于,medium,CET4
evidence,/ˈevɪdəns/,n.,证据；迹象,medium,CET4
evident,/ˈevɪdənt/,adj.,明显的,medium,CET4
exact,/ɪɡˈzækt/,adj.,精确的；准确的,easy,CET4
examine,/ɪɡˈzæmɪn/,v.,检查；考查,easy,CET4
excellent,/ˈeksələnt/,adj.,优秀的；极好的,easy,CET4
exchange,/ɪksˈtʃeɪndʒ/,v.,交换；n. 兑换；交流,easy,CET4
excite,/ɪkˈsaɪt/,v.,使兴奋；激发,easy,CET4
exclude,/ɪkˈskluːd/,v.,排除；不包括,medium,CET4
excuse,/ɪkˈskjuːz/,v.,原谅；n. 借口,easy,CET4
exercise,/ˈeksəsaɪz/,n.,锻炼；练习；v. 锻炼,easy,CET4
exhaust,/ɪɡˈzɔːst/,v.,使精疲力竭；耗尽；n. 废气,medium,CET4
exhibit,/ɪɡˈzɪbɪt/,v.,展览；展出；n. 展品,medium,CET4
exist,/ɪɡˈzɪst/,v.,存在；生存,easy,CET4
expand,/ɪkˈspænd/,v.,扩大；膨胀,medium,CET4
expect,/ɪkˈspekt/,v.,期望；预料,easy,CET4
expense,/ɪkˈspens/,n.,花费；开支,medium,CET4
experience,/ɪkˈspɪəriəns/,n.,经验；经历,easy,CET4
experiment,/ɪkˈsperɪmənt/,n.,实验；试验,easy,CET4
expert,/ˈekspɜːt/,n.,专家；adj. 熟练的,easy,CET4
explain,/ɪkˈspleɪn/,v.,解释；说明,easy,CET4
explode,/ɪkˈspləʊd/,v.,爆炸；爆发,medium,CET4
explore,/ɪkˈsplɔːr/,v.,探索；勘探,medium,CET4
export,/ɪkˈspɔːt/,v.,出口；n. 出口商品,medium,CET4
expose,/ɪkˈspəʊz/,v.,暴露；揭露；接触,medium,CET4
express,/ɪkˈspres/,v.,表达；n. 快车；快递,easy,CET4
extend,/ɪkˈstend/,v.,延伸；扩展,easy,CET4
extreme,/ɪkˈstriːm/,adj.,极端的；n. 极端,medium,CET4
fabric,/ˈfæbrɪk/,n.,织物；结构,medium,CET4
facility,/fəˈsɪləti/,n.,设施；设备；便利,medium,CET4
factor,/ˈfæktər/,n.,因素；因子,medium,CET4
faculty,/ˈfæklti/,n.,全体教员；才能,medium,CET4
fail,/feɪl/,v.,失败；不及格,easy,CET4
faint,/feɪnt/,adj.,模糊的；虚弱的；v. 昏倒,easy,CET4
fair,/feər/,adj.,公平的；晴朗的；n. 集市,easy,CET4
faith,/feɪθ/,n.,信念；信任,easy,CET4
fame,/feɪm/,n.,名声；声望,easy,CET4
familiar,/fəˈmɪliər/,adj.,熟悉的,easy,CET4
fancy,/ˈfænsi/,adj.,花哨的；n. 幻想；喜欢,easy,CET4
fascinate,/ˈfæsɪneɪt/,v.,使着迷,medium,CET4
fashion,/ˈfæʃn/,n.,时尚；方式,easy,CET4
fault,/fɔːlt/,n.,过错；缺点；故障,easy,CET4
favor,/ˈfeɪvər/,n.,恩惠；赞同；v. 赞成,easy,CET4
feature,/ˈfiːtʃər/,n.,特征；特色；v. 以……为特色,easy,CET4
federal,/ˈfedərəl/,adj.,联邦的,medium,CET4
fee,/fiː/,n.,费用；酬金,easy,CET4
feedback,/ˈfiːdbæk/,n.,反馈,easy,CET4
female,/ˈfiːmeɪl/,n.,女性；adj. 雌性的,easy,CET4
festival,/ˈfestɪvl/,n.,节日；庆祝活动,easy,CET4
figure,/ˈfɪɡər/,n.,数字；人物；体型；v. 认为,easy,CET4
finance,/ˈfaɪnæns/,n.,金融；财政；v. 资助,medium,CET4
flexible,/ˈfleksəbl/,adj.,灵活的；柔韧的,medium,CET4
flood,/flʌd/,n.,洪水；v. 淹没,easy,CET4
fluent,/ˈfluːənt/,adj.,流利的,medium,CET4
focus,/ˈfəʊkəs/,v.,集中；n. 焦点,easy,CET4
forbid,/fəˈbɪd/,v.,禁止；不许,medium,CET4
forecast,/ˈfɔːkɑːst/,n.,预测；预报；v. 预报,medium,CET4
foreign,/ˈfɒrən/,adj.,外国的；外来的,easy,CET4
formal,/ˈfɔːml/,adj.,正式的；形式的,easy,CET4
former,/ˈfɔːmər/,adj.,以前的；前者,easy,CET4
fortune,/ˈfɔːtʃuːn/,n.,财富；运气,medium,CET4
foundation,/faʊnˈdeɪʃn/,n.,基础；基金会；建立,medium,CET4
framework,/ˈfreɪmwɜːk/,n.,框架；结构,medium,CET4
freedom,/ˈfriːdəm/,n.,自由,easy,CET4
frequent,/ˈfriːkwənt/,adj.,频繁的,medium,CET4
fresh,/freʃ/,adj.,新鲜的；新的,easy,CET4
friendly,/ˈfrendli/,adj.,友好的,easy,CET4
frighten,/ˈfraɪtn/,v.,使害怕,medium,CET4
frontier,/ˈfrʌntɪər/,n.,边境；前沿,medium,CET4
frustrate,/frʌˈstreɪt/,v.,使沮丧；挫败,medium,CET4
fuel,/ˈfjuːəl/,n.,燃料；v. 加燃料,medium,CET4
function,/ˈfʌŋkʃn/,n.,功能；函数；v. 运转,medium,CET4
fund,/fʌnd/,n.,资金；基金；v. 资助,medium,CET4
fundamental,/ˌfʌndəˈmentl/,adj.,基本的；根本的,medium,CET4
furnish,/ˈfɜːnɪʃ/,v.,布置；提供,medium,CET4
further,/ˈfɜːðər/,adv.,更远；进一步；adj. 进一步的,easy,CET4
future,/ˈfjuːtʃər/,n.,未来；前途；adj. 未来的,easy,CET4
gain,/ɡeɪn/,v.,获得；增加；n. 收益,easy,CET4
gap,/ɡæp/,n.,差距；缺口；间隔,easy,CET4
garage,/ˈɡærɑːʒ/,n.,车库；修车厂,easy,CET4
generate,/ˈdʒenəreɪt/,v.,产生；发电,medium,CET4
generous,/ˈdʒenərəs/,adj.,慷慨的；大方的,medium,CET4
genius,/ˈdʒiːniəs/,n.,天才；天赋,medium,CET4
gentle,/ˈdʒentl/,adj.,温和的；轻柔的,easy,CET4
genuine,/ˈdʒenjuɪn/,adj.,真正的；真诚的,medium,CET4
gesture,/ˈdʒestʃər/,n.,手势；姿态,easy,CET4
giant,/ˈdʒaɪənt/,adj.,巨大的；n. 巨人,easy,CET4
global,/ˈɡləʊbl/,adj.,全球的；全面的,easy,CET4
glory,/ˈɡlɔːri/,n.,光荣；荣誉,medium,CET4
goal,/ɡəʊl/,n.,目标；球门,easy,CET4
govern,/ˈɡʌvn/,v.,统治；管理,medium,CET4
gradual,/ˈɡrædʒuəl/,adj.,逐渐的,medium,CET4
graduate,/ˈɡrædʒueɪt/,v.,毕业；n. 毕业生,easy,CET4
grain,/ɡreɪn/,n.,谷物；颗粒,medium,CET4
grand,/ɡrænd/,adj.,宏伟的；壮丽的,easy,CET4
grateful,/ˈɡreɪtfl/,adj.,感激的,easy,CET4
guarantee,/ˌɡærənˈtiː/,v.,保证；n. 保证书,medium,CET4
guidance,/ˈɡaɪdns/,n.,指导；引导,medium,CET4
guilty,/ˈɡɪlti/,adj.,内疚的；有罪的,easy,CET4
habit,/ˈhæbɪt/,n.,习惯,easy,CET4
handle,/ˈhændl/,v.,处理；操作；n. 把手,easy,CET4
harbor,/ˈhɑːbər/,n.,港口；v. 庇护,easy,CET4
harmony,/ˈhɑːməni/,n.,和谐；融洽,medium,CET4
harvest,/ˈhɑːvɪst/,n.,收获；v. 收割,easy,CET4
haste,/heɪst/,n.,匆忙；急忙,medium,CET4
hatred,/ˈheɪtrɪd/,n.,仇恨；憎恨,medium,CET4
headache,/ˈhedeɪk/,n.,头痛,easy,CET4
health,/helθ/,n.,健康,easy,CET4
heaven,/ˈhevn/,n.,天堂；天空,medium,CET4
height,/haɪt/,n.,高度；高处,easy,CET4
hesitate,/ˈhezɪteɪt/,v.,犹豫；迟疑,medium,CET4
history,/ˈhɪstri/,n.,历史,easy,CET4
honest,/ˈɒnɪst/,adj.,诚实的,easy,CET4
honey,/ˈhʌni/,n.,蜂蜜；亲爱的,easy,CET4
honor,/ˈɒnər/,n.,荣誉；尊敬；v. 尊敬,easy,CET4
hope,/həʊp/,n.,希望；v. 希望,easy,CET4
horizon,/həˈraɪzn/,n.,地平线；眼界,medium,CET4
host,/həʊst/,n.,主人；主持人；v. 主办,easy,CET4
household,/ˈhaʊshəʊld/,n.,家庭；adj. 家庭的,medium,CET4
housing,/ˈhaʊzɪŋ/,n.,住房；住宅,easy,CET4
humble,/ˈhʌmbl/,adj.,谦逊的；卑微的,medium,CET4
humor,/ˈhjuːmər/,n.,幽默；风趣,easy,CET4
hunt,/hʌnt/,v.,打猎；搜寻,easy,CET4
hurricane,/ˈhʌrɪkən/,n.,飓风,medium,CET4
ideal,/aɪˈdiːəl/,adj.,理想的；n. 理想,easy,CET4
identify,/aɪˈdentɪfaɪ/,v.,识别；确认,medium,CET4
identity,/aɪˈdentəti/,n.,身份；同一性,medium,CET4
ignore,/ɪɡˈnɔːr/,v.,忽视；不理会,medium,CET4
illegal,/ɪˈliːɡl/,adj.,非法的,medium,CET4
illustrate,/ˈɪləstreɪt/,v.,说明；举例说明；加插图,medium,CET4
image,/ˈɪmɪdʒ/,n.,形象；图像,easy,CET4
imagine,/ɪˈmædʒɪn/,v.,想象；设想,easy,CET4
imitate,/ˈɪmɪteɪt/,v.,模仿；仿效,medium,CET4
immediate,/ɪˈmiːdiət/,adj.,立即的；直接的,easy,CET4
immense,/ɪˈmens/,adj.,巨大的；广大的,medium,CET4
immigrant,/ˈɪmɪɡrənt/,n.,移民,medium,CET4
impact,/ˈɪmpækt/,n.,影响；冲击；v. 影响,medium,CET4
implement,/ˈɪmplɪment/,v.,实施；执行；n. 工具,medium,CET4
imply,/ɪmˈplaɪ/,v.,暗示；意味着,medium,CET4
import,/ɪmˈpɔːt/,v.,进口；n. 进口商品,medium,CET4
impress,/ɪmˈpres/,v.,给……留下印象,medium,CET4
improve,/ɪmˈpruːv/,v.,改善；提高,easy,CET4
include,/ɪnˈkluːd/,v.,包括；包含,easy,CET4
income,/ˈɪnkʌm/,n.,收入；所得,easy,CET4
increase,/ɪnˈkriːs/,v.,增加；增长；n. 增加,easy,CET4
indeed,/ɪnˈdiːd/,adv.,确实；真正地,easy,CET4
independent,/ˌɪndɪˈpendənt/,adj.,独立的；自主的,medium,CET4
indicate,/ˈɪndɪkeɪt/,v.,表明；指示,medium,CET4
individual,/ˌɪndɪˈvɪdʒuəl/,n.,个人；adj. 个人的,medium,CET4
industry,/ˈɪndəstri/,n.,工业；行业,easy,CET4
infect,/ɪnˈfekt/,v.,传染；感染,medium,CET4
infer,/ɪnˈfɜːr/,v.,推断；推论,medium,CET4
influence,/ˈɪnfluəns/,n.,影响；v. 影响,easy,CET4
inform,/ɪnˈfɔːm/,v.,通知；告知,easy,CET4
ingredient,/ɪnˈɡriːdiənt/,n.,成分；原料；因素,medium,CET4
inherit,/ɪnˈherɪt/,v.,继承,medium,CET4
initial,/ɪˈnɪʃl/,adj.,最初的；n. 首字母,medium,CET4
injure,/ˈɪndʒər/,v.,伤害；损害,easy,CET4
innocent,/ˈɪnəsnt/,adj.,无辜的；天真的,medium,CET4
innovation,/ˌɪnəˈveɪʃn/,n.,创新；革新,medium,CET4
inquiry,/ɪnˈkwaɪəri/,n.,询问；调查,medium,CET4
insist,/ɪnˈsɪst/,v.,坚持；坚决要求,medium,CET4
inspire,/ɪnˈspaɪər/,v.,鼓舞；激发；启迪,medium,CET4
install,/ɪnˈstɔːl/,v.,安装；安置,medium,CET4
instance,/ˈɪnstəns/,n.,例子；实例,easy,CET4
instead,/ɪnˈsted/,adv.,代替；反而,easy,CET4
institute,/ˈɪnstɪtjuːt/,n.,学院；研究所；v. 建立,medium,CET4
instruct,/ɪnˈstrʌkt/,v.,指示；教导,medium,CET4
instrument,/ˈɪnstrəmənt/,n.,仪器；乐器；工具,medium,CET4
insurance,/ɪnˈʃʊərəns/,n.,保险；保险费,medium,CET4
intelligence,/ɪnˈtelɪdʒəns/,n.,智力；情报,medium,CET4
intend,/ɪnˈtend/,v.,打算；想要,easy,CET4
interest,/ˈɪntrəst/,n.,兴趣；利息；v. 使感兴趣,easy,CET4
interfere,/ˌɪntəˈfɪər/,v.,干涉；干扰,medium,CET4
interior,/ɪnˈtɪəriər/,n.,内部；adj. 内部的,medium,CET4
internal,/ɪnˈtɜːnl/,adj.,内部的；国内的,medium,CET4
international,/ˌɪntəˈnæʃnəl/,adj.,国际的,easy,CET4
interpret,/ɪnˈtɜːprɪt/,v.,解释；口译,medium,CET4
interrupt,/ˌɪntəˈrʌpt/,v.,打断；中断,medium,CET4
interview,/ˈɪntəvjuː/,n.,面试；采访；v. 采访,easy,CET4
intimate,/ˈɪntɪmət/,adj.,亲密的；私人的,medium,CET4
introduce,/ˌɪntrəˈdjuːs/,v.,介绍；引进,easy,CET4
invade,/ɪnˈveɪd/,v.,入侵；侵犯,medium,CET4
invent,/ɪnˈvent/,v.,发明；编造,easy,CET4
invest,/ɪnˈvest/,v.,投资；投入,medium,CET4
investigate,/ɪnˈvestɪɡeɪt/,v.,调查；研究,medium,CET4
invite,/ɪnˈvaɪt/,v.,邀请,easy,CET4
involve,/ɪnˈvɒlv/,v.,涉及；包含；使参与,medium,CET4
island,/ˈaɪlənd/,n.,岛屿,easy,CET4
issue,/ˈɪʃuː/,n.,问题；发行；v. 发布,easy,CET4
item,/ˈaɪtəm/,n.,项目；条款；一件物品,easy,CET4
journey,/ˈdʒɜːni/,n.,旅行；旅程,easy,CET4
judge,/dʒʌdʒ/,n.,法官；裁判；v. 判断,easy,CET4
justice,/ˈdʒʌstɪs/,n.,正义；公正；司法,medium,CET4
keen,/kiːn/,adj.,热衷的；敏锐的；强烈的,medium,CET4
knowledge,/ˈnɒlɪdʒ/,n.,知识；学问,easy,CET4
label,/ˈleɪbl/,n.,标签；v. 贴标签,medium,CET4
labor,/ˈleɪbər/,n.,劳动；劳工,easy,CET4
lack,/læk/,n.,缺乏；v. 缺少,easy,CET4
landscape,/ˈlændskeɪp/,n.,风景；景观,medium,CET4
launch,/lɔːntʃ/,v.,发射；发起；推出,medium,CET4
law,/lɔː/,n.,法律；规律,easy,CET4
layer,/ˈleɪər/,n.,层；层次,medium,CET4
leading,/ˈliːdɪŋ/,adj.,主要的；领先的,easy,CET4
leak,/liːk/,v.,泄漏；n. 漏洞,medium,CET4
lean,/liːn/,v.,倾斜；倚靠；adj. 瘦的,easy,CET4
leisure,/ˈleʒər/,n.,闲暇；空闲,medium,CET4
lend,/lend/,v.,借出；贷,easy,CET4
length,/leŋθ/,n.,长度；篇幅,easy,CET4
liberty,/ˈlɪbəti/,n.,自由,medium,CET4
license,/ˈlaɪsns/,n.,许可证；执照,easy,CET4
likely,/ˈlaɪkli/,adj.,可能的；adv. 很可能,easy,CET4
limit,/ˈlɪmɪt/,n.,限度；v. 限制,easy,CET4
link,/lɪŋk/,n.,联系；链接；v. 连接,easy,CET4
liquid,/ˈlɪkwɪd/,n.,液体；adj. 液体的,easy,CET4
literature,/ˈlɪtrətʃər/,n.,文学；文献,medium,CET4
loan,/ləʊn/,n.,贷款；v. 借出,medium,CET4
local,/ˈləʊkl/,adj.,当地的；本地的,easy,CET4
locate,/ləʊˈkeɪt/,v.,确定位置；位于,medium,CET4
logic,/ˈlɒdʒɪk/,n.,逻辑；逻辑学,medium,CET4
lonely,/ˈləʊnli/,adj.,孤独的；偏僻的,easy,CET4
loose,/luːs/,adj.,松的；宽松的,easy,CET4
loss,/lɒs/,n.,损失；丧失,easy,CET4
lower,/ˈləʊər/,v.,降低；adj. 较低的,easy,CET4
loyal,/ˈlɔɪəl/,adj.,忠诚的,medium,CET4
lucky,/ˈlʌki/,adj.,幸运的,easy,CET4
luggage,/ˈlʌɡɪdʒ/,n.,行李,easy,CET4
luxury,/ˈlʌkʃəri/,n.,奢侈；奢侈品,medium,CET4
machine,/məˈʃiːn/,n.,机器,easy,CET4
magnet,/ˈmæɡnət/,n.,磁铁；有吸引力的人或物,medium,CET4
maintain,/meɪnˈteɪn/,v.,维持；保养；坚持,medium,CET4
major,/ˈmeɪdʒər/,adj.,主要的；n. 专业；v. 主修,easy,CET4
majority,/məˈdʒɒrəti/,n.,多数；大多数,medium,CET4
manage,/ˈmænɪdʒ/,v.,管理；设法做到,easy,CET4
manufacture,/ˌmænjuˈfæktʃər/,v.,制造；n. 制造业,medium,CET4
margin,/ˈmɑːdʒɪn/,n.,边缘；利润；余地,medium,CET4
marine,/məˈriːn/,adj.,海洋的；n. 海军陆战队士兵,medium,CET4
market,/ˈmɑːkɪt/,n.,市场；v. 推销,easy,CET4
marriage,/ˈmærɪdʒ/,n.,婚姻；结婚,easy,CET4
mass,/mæs/,n.,大量；群众；团,easy,CET4
master,/ˈmɑːstər/,n.,主人；大师；硕士；v. 掌握,easy,CET4
match,/mætʃ/,n.,比赛；火柴；v. 匹配,easy,CET4
material,/məˈtɪəriəl/,n.,材料；资料；adj. 物质的,easy,CET4
matter,/ˈmætər/,n.,事情；物质；v. 要紧,easy,CET4
mature,/məˈtʃʊər/,adj.,成熟的；v. 成熟,medium,CET4
maximum,/ˈmæksɪməm/,n.,最大值；adj. 最大的,medium,CET4
mean,/miːn/,v.,意味着；意思是；adj. 吝啬的,easy,CET4
means,/miːnz/,n.,方法；手段；财产,easy,CET4
measure,/ˈmeʒər/,v.,测量；n. 措施；尺寸,easy,CET4
mechanic,/məˈkænɪk/,n.,机械师；技工,medium,CET4
medal,/ˈmedl/,n.,奖牌；勋章,easy,CET4
media,/ˈmiːdiə/,n.,媒体；媒介,medium,CET4
medical,/ˈmedɪkl/,adj.,医学的；医疗的,easy,CET4
medium,/ˈmiːdiəm/,adj.,中等的；n. 媒介,easy,CET4
memory,/ˈmeməri/,n.,记忆；回忆,easy,CET4
mental,/ˈmentl/,adj.,精神的；智力的,easy,CET4
mention,/ˈmenʃn/,v.,提到；说起,easy,CET4
merchant,/ˈmɜːtʃənt/,n.,商人；adj. 商业的,medium,CET4
mercy,/ˈmɜːsi/,n.,仁慈；怜悯,medium,CET4
merely,/ˈmɪəli/,adv.,仅仅；只不过,medium,CET4
message,/ˈmesɪdʒ/,n.,消息；信息,easy,CET4
metal,/ˈmetl/,n.,金属,easy,CET4
method,/ˈmeθəd/,n.,方法；办法,easy,CET4
middle,/ˈmɪdl/,n.,中间；adj. 中间的,easy,CET4
migrate,/maɪˈɡreɪt/,v.,迁移；移居,medium,CET4
mild,/maɪld/,adj.,温和的；轻微的,easy,CET4
military,/ˈmɪlətri/,adj.,军事的；n. 军队,medium,CET4
mineral,/ˈmɪnərəl/,n.,矿物；adj. 矿物的,medium,CET4
minimum,/ˈmɪnɪməm/,n.,最小值；adj. 最小的,medium,CET4
minister,/ˈmɪnɪstər/,n.,部长；大臣；牧师,medium,CET4
minor,/ˈmaɪnər/,adj.,较小的；次要的；n. 未成年人,medium,CET4
minority,/maɪˈnɒrəti/,n.,少数；少数民族,medium,CET4
miracle,/ˈmɪrəkl/,n.,奇迹,medium,CET4
mirror,/ˈmɪrər/,n.,镜子；v. 反映,easy,CET4
missile,/ˈmɪsaɪl/,n.,导弹；发射物,medium,CET4
mistake,/mɪˈsteɪk/,n.,错误；v. 弄错,easy,CET4
mixture,/ˈmɪkstʃər/,n.,混合物,medium,CET4
mobile,/ˈməʊbaɪl/,adj.,可移动的；n. 手机,easy,CET4
model,/ˈmɒdl/,n.,模型；模特；v. 模拟,easy,CET4
moderate,/ˈmɒdərət/,adj.,适度的；温和的,medium,CET4
modern,/ˈmɒdn/,adj.,现代的；时髦的,easy,CET4
modest,/ˈmɒdɪst/,adj.,谦虚的；适度的,medium,CET4
monitor,/ˈmɒnɪtər/,n.,显示器；班长；v. 监控,medium,CET4
moral,/ˈmɒrəl/,adj.,道德的；n. 寓意；道德,medium,CET4
motion,/ˈməʊʃn/,n.,运动；动作；v. 打手势,medium,CET4
motivate,/ˈməʊtɪveɪt/,v.,激励；激发,medium,CET4
mountain,/ˈmaʊntən/,n.,山；山脉,easy,CET4
multiple,/ˈmʌltɪpl/,adj.,多种的；n. 倍数,medium,CET4
murder,/ˈmɜːdər/,n.,谋杀；v. 谋杀,easy,CET4
muscle,/ˈmʌsl/,n.,肌肉；力量,medium,CET4
mysterious,/mɪˈstɪəriəs/,adj.,神秘的；难以理解的,medium,CET4
myth,/mɪθ/,n.,神话；虚构的事,medium,CET4
narrow,/ˈnærəʊ/,adj.,狭窄的；勉强的,easy,CET4
nation,/ˈneɪʃn/,n.,国家；民族,easy,CET4
native,/ˈneɪtɪv/,adj.,本地的；n. 本地人,easy,CET4
nature,/ˈneɪtʃər/,n.,自然；本性,easy,CET4
navigate,/ˈnævɪɡeɪt/,v.,导航；航行,medium,CET4
necessary,/ˈnesəsəri/,adj.,必要的；必需的,easy,CET4
negative,/ˈneɡətɪv/,adj.,消极的；否定的；n. 负数,medium,CET4
negotiate,/nɪˈɡəʊʃieɪt/,v.,谈判；协商,medium,CET4
nervous,/ˈnɜːvəs/,adj.,紧张的；神经的,easy,CET4
network,/ˈnetwɜːk/,n.,网络；关系网,easy,CET4
neutral,/ˈnjuːtrəl/,adj.,中立的；中性的,medium,CET4
normal,/ˈnɔːml/,adj.,正常的；标准的,easy,CET4
notice,/ˈnəʊtɪs/,v.,注意到；n. 通知；注意,easy,CET4
novel,/ˈnɒvl/,n.,小说；adj. 新颖的,easy,CET4
nuclear,/ˈnjuːkliər/,adj.,核能的；原子核的,medium,CET4
numerous,/ˈnjuːmərəs/,adj.,众多的；许多的,medium,CET4
nurse,/nɜːs/,n.,护士；v. 护理,easy,CET4
object,/ˈɒbdʒɪkt/,n.,物体；目标；v. 反对,medium,CET4
observe,/əbˈzɜːv/,v.,观察；遵守；评论,medium,CET4
obtain,/əbˈteɪn/,v.,获得；得到,medium,CET4
obvious,/ˈɒbviəs/,adj.,明显的；显然的,easy,CET4
occasion,/əˈkeɪʒn/,n.,场合；时机,medium,CET4
occupy,/ˈɒkjupaɪ/,v.,占据；占用；使忙碌,medium,CET4
occur,/əˈkɜːr/,v.,发生；出现,medium,CET4
ocean,/ˈəʊʃn/,n.,海洋,easy,CET4
offer,/ˈɒfər/,v.,提供；提出；n. 提议,easy,CET4
officer,/ˈɒfɪsər/,n.,军官；警官；官员,easy,CET4
official,/əˈfɪʃl/,n.,官员；adj. 官方的,easy,CET4
operate,/ˈɒpəreɪt/,v.,操作；运转；动手术,easy,CET4
opinion,/əˈpɪnjən/,n.,意见；看法,easy,CET4
opportunity,/ˌɒpəˈtjuːnəti/,n.,机会；时机,easy,CET4
oppose,/əˈpəʊz/,v.,反对；抵制,medium,CET4
optimistic,/ˌɒptɪˈmɪstɪk/,adj.,乐观的,medium,CET4
optional,/ˈɒpʃənl/,adj.,可选的；非强制的,medium,CET4
ordinary,/ˈɔːdnri/,adj.,普通的；平常的,easy,CET4
organize,/ˈɔːɡənaɪz/,v.,组织；安排,easy,CET4
origin,/ˈɒrɪdʒɪn/,n.,起源；出身,medium,CET4
otherwise,/ˈʌðəwaɪz/,adv.,否则；另外,easy,CET4
outcome,/ˈaʊtkʌm/,n.,结果；成果,medium,CET4
outstanding,/aʊtˈstændɪŋ/,adj.,杰出的；显著的,medium,CET4
overcome,/ˌəʊvəˈkʌm/,v.,克服；战胜,medium,CET4
overlook,/ˌəʊvəˈlʊk/,v.,忽视；俯瞰,medium,CET4
overseas,/ˌəʊvəˈsiːz/,adv.,在海外；adj. 海外的,easy,CET4
owe,/əʊ/,v.,欠；归功于,easy,CET4
ownership,/ˈəʊnəʃɪp/,n.,所有权,medium,CET4
pace,/peɪs/,n.,步伐；速度；v. 踱步,easy,CET4
package,/ˈpækɪdʒ/,n.,包裹；一揽子；v. 包装,easy,CET4
panic,/ˈpænɪk/,n.,恐慌；v. 使恐慌,medium,CET4
parallel,/ˈpærəlel/,adj.,平行的；n. 平行线；相似处,medium,CET4
participate,/pɑːˈtɪsɪpeɪt/,v.,参加；参与,medium,CET4
particular,/pəˈtɪkjələr/,adj.,特定的；特别的,easy,CET4
passion,/ˈpæʃn/,n.,激情；热情；酷爱,medium,CET4
patient,/ˈpeɪʃnt/,n.,病人；adj. 耐心的,easy,CET4
pattern,/ˈpætn/,n.,模式；图案；方式,easy,CET4
pause,/pɔːz/,v.,暂停；n. 停顿,easy,CET4
peace,/piːs/,n.,和平；安宁,easy,CET4
peculiar,/pɪˈkjuːliər/,adj.,奇怪的；独特的,medium,CET4
percent,/pəˈsent/,n.,百分比,easy,CET4
perform,/pəˈfɔːm/,v.,表演；执行；表现,medium,CET4
period,/ˈpɪəriəd/,n.,时期；周期；句号,easy,CET4
permanent,/ˈpɜːmənənt/,adj.,永久的；长期的,medium,CET4
permit,/pəˈmɪt/,v.,允许；n. 许可证,medium,CET4
persuade,/pəˈsweɪd/,v.,说服；劝说,medium,CET4
pessimistic,/ˌpesɪˈmɪstɪk/,adj.,悲观的,medium,CET4
physical,/ˈfɪzɪkl/,adj.,身体的；物理的,easy,CET4
pity,/ˈpɪti/,n.,同情；遗憾；v. 同情,easy,CET4
plain,/pleɪn/,adj.,清楚的；朴素的；n. 平原,easy,CET4
planet,/ˈplænɪt/,n.,行星,easy,CET4
platform,/ˈplætfɔːm/,n.,平台；站台,medium,CET4
pleasant,/ˈpleznt/,adj.,令人愉快的,easy,CET4
pleasure,/ˈpleʒər/,n.,愉快；乐趣,easy,CET4
plenty,/ˈplenti/,n.,丰富；大量,easy,CET4
plot,/plɒt/,n.,情节；阴谋；v. 策划,medium,CET4
poison,/ˈpɔɪzn/,n.,毒药；v. 毒害,medium,CET4
policy,/ˈpɒləsi/,n.,政策；方针,medium,CET4
polish,/ˈpɒlɪʃ/,v.,擦亮；润色；n. 光泽剂,medium,CET4
pollution,/pəˈluːʃn/,n.,污染,easy,CET4
popular,/ˈpɒpjələr/,adj.,流行的；受欢迎的,easy,CET4
population,/ˌpɒpjuˈleɪʃn/,n.,人口；种群,easy,CET4
port,/pɔːt/,n.,港口；端口,easy,CET4
portrait,/ˈpɔːtreɪt/,n.,肖像；画像,medium,CET4
positive,/ˈpɒzətɪv/,adj.,积极的；肯定的；正面的,medium,CET4
possess,/pəˈzes/,v.,拥有；具有,medium,CET4
possibility,/ˌpɒsəˈbɪləti/,n.,可能性,easy,CET4
postpone,/pəˈspəʊn/,v.,推迟；延期,medium,CET4
poverty,/ˈpɒvəti/,n.,贫穷；贫困,medium,CET4
practical,/ˈpræktɪkl/,adj.,实际的；实用的,easy,CET4
pray,/preɪ/,v.,祈祷；恳求,medium,CET4
precious,/ˈpreʃəs/,adj.,珍贵的；宝贵的,easy,CET4
precise,/prɪˈsaɪs/,adj.,精确的；准确的,medium,CET4
prefer,/prɪˈfɜːr/,v.,更喜欢；宁愿,easy,CET4
pregnant,/ˈpreɡnənt/,adj.,怀孕的；充满的,medium,CET4
prejudice,/ˈpredʒudɪs/,n.,偏见；歧视,medium,CET4
prepare,/prɪˈpeər/,v.,准备；预备,easy,CET4
presence,/ˈprezns/,n.,出席；存在,medium,CET4
preserve,/prɪˈzɜːv/,v.,保护；保存；腌制,medium,CET4
president,/ˈprezɪdənt/,n.,总统；主席；校长,easy,CET4
pressure,/ˈpreʃər/,n.,压力；压强,easy,CET4
pretend,/prɪˈtend/,v.,假装；佯装,easy,CET4
prevent,/prɪˈvent/,v.,阻止；预防,easy,CET4
previous,/ˈpriːviəs/,adj.,先前的；以前的,medium,CET4
pride,/praɪd/,n.,骄傲；自豪,easy,CET4
primary,/ˈpraɪməri/,adj.,主要的；初级的,medium,CET4
principle,/ˈprɪnsəpl/,n.,原则；原理,medium,CET4
prison,/ˈprɪzn/,n.,监狱,easy,CET4
private,/ˈpraɪvət/,adj.,私人的；私有的,easy,CET4
privilege,/ˈprɪvəlɪdʒ/,n.,特权；荣幸,medium,CET4
probably,/ˈprɒbəbli/,adv.,可能；大概,easy,CET4
procedure,/prəˈsiːdʒər/,n.,程序；手续,medium,CET4
process,/ˈprəʊses/,n.,过程；v. 处理,medium,CET4
produce,/prəˈdjuːs/,v.,生产；产生；n. 农产品,easy,CET4
profession,/prəˈfeʃn/,n.,职业；专业,medium,CET4
profit,/ˈprɒfɪt/,n.,利润；收益；v. 获益,medium,CET4
program,/ˈprəʊɡræm/,n.,程序；节目；计划,easy,CET4
progress,/ˈprəʊɡres/,n.,进步；进展；v. 前进,easy,CET4
project,/ˈprɒdʒekt/,n.,项目；工程；v. 投射；预计,easy,CET4
promise,/ˈprɒmɪs/,v.,承诺；n. 诺言；希望,easy,CET4
promote,/prəˈməʊt/,v.,促进；提升；推广,medium,CET4
pronounce,/prəˈnaʊns/,v.,发音；宣布,medium,CET4
proof,/pruːf/,n.,证据；证明,easy,CET4
proper,/ˈprɒpər/,adj.,适当的；正确的,easy,CET4
property,/ˈprɒpəti/,n.,财产；房地产；性质,medium,CET4
proportion,/prəˈpɔːʃn/,n.,比例；部分,medium,CET4
proposal,/prəˈpəʊzl/,n.,提议；建议；求婚,medium,CET4
propose,/prəˈpəʊz/,v.,提议；建议；求婚,medium,CET4
prospect,/ˈprɒspekt/,n.,前景；可能性；v. 勘探,medium,CET4
protect,/prəˈtekt/,v.,保护；防护,easy,CET4
proud,/praʊd/,adj.,自豪的；骄傲的,easy,CET4
prove,/pruːv/,v.,证明；证实,easy,CET4
provide,/prəˈvaɪd/,v.,提供；供给,easy,CET4
province,/ˈprɒvɪns/,n.,省；领域,medium,CET4
psychology,/saɪˈkɒlədʒi/,n.,心理学；心理,medium,CET4
public,/ˈpʌblɪk/,adj.,公共的；公开的；n. 公众,easy,CET4
publish,/ˈpʌblɪʃ/,v.,出版；发表,medium,CET4
punish,/ˈpʌnɪʃ/,v.,惩罚；处罚,easy,CET4
purchase,/ˈpɜːtʃəs/,v.,购买；n. 购买,medium,CET4
purpose,/ˈpɜːpəs/,n.,目的；意图,easy,CET4
pursue,/pəˈsjuː/,v.,追求；从事；追赶,medium,CET4
puzzle,/ˈpʌzl/,n.,谜；难题；v. 使困惑,easy,CET4
quality,/ˈkwɒləti/,n.,质量；品质；特性,easy,CET4
quantity,/ˈkwɒntəti/,n.,数量；大量,medium,CET4
quit,/kwɪt/,v.,停止；放弃；辞职,easy,CET4
quote,/kwəʊt/,v.,引用；报价；n. 引文,medium,CET4
raise,/reɪz/,v.,举起；提高；筹集；抚养,easy,CET4
range,/reɪndʒ/,n.,范围；系列；v. 变化,easy,CET4
rank,/ræŋk/,n.,等级；军衔；v. 排名,medium,CET4
rapid,/ˈræpɪd/,adj.,迅速的；快速的,easy,CET4
rare,/reər/,adj.,稀有的；罕见的,medium,CET4
rate,/reɪt/,n.,比率；速度；v. 评价,easy,CET4
reach,/riːtʃ/,v.,到达；伸手；n. 范围,easy,CET4
react,/riˈækt/,v.,反应；回应,medium,CET4
realize,/ˈriːəlaɪz/,v.,意识到；实现,easy,CET4
reasonable,/ˈriːznəbl/,adj.,合理的；通情达理的,easy,CET4
receive,/rɪˈsiːv/,v.,收到；接待,easy,CET4
recent,/ˈriːsnt/,adj.,最近的；近来的,easy,CET4
recognize,/ˈrekəɡnaɪz/,v.,认出；承认；认可,easy,CET4
recommend,/ˌrekəˈmend/,v.,推荐；建议,medium,CET4
record,/ˈrekɔːd/,n.,记录；唱片；v. 记录,easy,CET4
recover,/rɪˈkʌvər/,v.,恢复；康复；找回,medium,CET4
reduce,/rɪˈdjuːs/,v.,减少；降低,easy,CET4
refer,/rɪˈfɜːr/,v.,提到；参考；涉及,medium,CET4
reflect,/rɪˈflekt/,v.,反映；反射；深思,medium,CET4
reform,/rɪˈfɔːm/,n.,改革；v. 改革,medium,CET4
refuse,/rɪˈfjuːz/,v.,拒绝；n. 垃圾,easy,CET4
regard,/rɪˈɡɑːd/,v.,看待；尊敬；n. 关心；问候,medium,CET4
region,/ˈriːdʒən/,n.,地区；区域,easy,CET4
register,/ˈredʒɪstər/,v.,登记；注册；n. 登记簿,medium,CET4
regret,/rɪˈɡret/,v.,后悔；遗憾；n. 懊悔,easy,CET4
regular,/ˈreɡjələr/,adj.,规律的；定期的；常规的,easy,CET4
reject,/rɪˈdʒekt/,v.,拒绝；驳回,medium,CET4
relate,/rɪˈleɪt/,v.,联系；有关；叙述,medium,CET4
relative,/ˈrelətɪv/,n.,亲戚；adj. 相对的,medium,CET4
relax,/rɪˈlæks/,v.,放松；休息,easy,CET4
release,/rɪˈliːs/,v.,释放；发布；n. 释放,medium,CET4
relevant,/ˈreləvənt/,adj.,相关的；切题的,medium,CET4
reliable,/rɪˈlaɪəbl/,adj.,可靠的；可信赖的,medium,CET4
relief,/rɪˈliːf/,n.,宽慰；缓解；救济,medium,CET4
religion,/rɪˈlɪdʒən/,n.,宗教；信仰,medium,CET4
rely,/rɪˈlaɪ/,v.,依赖；依靠,medium,CET4
remain,/rɪˈmeɪn/,v.,保持；剩下；仍然是,easy,CET4
remark,/rɪˈmɑːk/,n.,评论；v. 评论；注意到,medium,CET4
remember,/rɪˈmembər/,v.,记得；想起,easy,CET4
remind,/rɪˈmaɪnd/,v.,提醒；使想起,easy,CET4
remote,/rɪˈməʊt/,adj.,遥远的；偏远的,medium,CET4
remove,/rɪˈmuːv/,v.,移开；去除；脱掉,easy,CET4
repair,/rɪˈpeər/,v.,修理；修复；n. 修理,easy,CET4
repeat,/rɪˈpiːt/,v.,重复；复述,easy,CET4
replace,/rɪˈpleɪs/,v.,取代；替换,medium,CET4
report,/rɪˈpɔːt/,n.,报告；报道；v. 汇报,easy,CET4
represent,/ˌreprɪˈzent/,v.,代表；象征,medium,CET4
republic,/rɪˈpʌblɪk/,n.,共和国,medium,CET4
reputation,/ˌrepjuˈteɪʃn/,n.,名声；名誉,medium,CET4
require,/rɪˈkwaɪər/,v.,需要；要求,easy,CET4
research,/rɪˈsɜːtʃ/,n.,研究；调查；v. 研究,easy,CET4
reserve,/rɪˈzɜːv/,v.,预订；保留；n. 储备,medium,CET4
resident,/ˈrezɪdənt/,n.,居民；adj. 居住的,medium,CET4
resist,/rɪˈzɪst/,v.,抵抗；抵制,medium,CET4
resolve,/rɪˈzɒlv/,v.,解决；决心；n. 决心,medium,CET4
resource,/rɪˈsɔːs/,n.,资源；财力,medium,CET4
respect,/rɪˈspekt/,n.,尊敬；方面；v. 尊敬,easy,CET4
respond,/rɪˈspɒnd/,v.,回答；回应,medium,CET4
responsible,/rɪˈspɒnsəbl/,adj.,负责的；可靠的,medium,CET4
restore,/rɪˈstɔːr/,v.,恢复；修复；归还,medium,CET4
restrict,/rɪˈstrɪkt/,v.,限制；约束,medium,CET4
result,/rɪˈzʌlt/,n.,结果；成绩；v. 导致,easy,CET4
retire,/rɪˈtaɪər/,v.,退休；退役,medium,CET4
retreat,/rɪˈtriːt/,v.,撤退；退却；n. 撤退,medium,CET4
return,/rɪˈtɜːn/,v.,返回；归还；n. 回报,easy,CET4
reveal,/rɪˈviːl/,v.,揭示；透露,medium,CET4
revenue,/ˈrevənjuː/,n.,收入；税收,medium,CET4
review,/rɪˈvjuː/,v.,复习；评论；n. 回顾,easy,CET4
revolution,/ˌrevəˈluːʃn/,n.,革命；变革,medium,CET4
reward,/rɪˈwɔːd/,n.,报酬；奖赏；v. 奖赏,easy,CET4
rhythm,/ˈrɪðəm/,n.,节奏；韵律,medium,CET4
ridiculous,/rɪˈdɪkjələs/,adj.,荒谬的；可笑的,medium,CET4
risk,/rɪsk/,n.,风险；危险；v. 冒险,easy,CET4
rival,/ˈraɪvl/,n.,竞争对手；v. 与……匹敌,medium,CET4
romantic,/rəʊˈmæntɪk/,adj.,浪漫的；爱情的,easy,CET4
route,/ruːt/,n.,路线；途径,easy,CET4
routine,/ruːˈtiːn/,n.,例行公事；常规；adj. 常规的,medium,CET4
ruin,/ˈruːɪn/,v.,毁灭；破坏；n. 废墟,easy,CET4
rush,/rʌʃ/,v.,冲；匆忙；n. 匆忙,easy,CET4
sacrifice,/ˈsækrɪfaɪs/,n.,牺牲；v. 牺牲,medium,CET4
safety,/ˈseɪfti/,n.,安全；保险,easy,CET4
salary,/ˈsæləri/,n.,薪水；工资,easy,CET4
sample,/ˈsɑːmpl/,n.,样品；样本；v. 取样,easy,CET4
satisfy,/ˈsætɪsfaɪ/,v.,满足；使满意,easy,CET4
scale,/skeɪl/,n.,规模；刻度；天平；v. 攀登,medium,CET4
scan,/skæn/,v.,扫描；浏览,medium,CET4
scene,/siːn/,n.,场景；场面；景色,easy,CET4
schedule,/ˈʃedjuːl/,n.,时间表；日程；v. 安排,medium,CET4
scholarship,/ˈskɒləʃɪp/,n.,奖学金；学术,easy,CET4
science,/ˈsaɪəns/,n.,科学；学科,easy,CET4
score,/skɔːr/,n.,分数；乐谱；v. 得分,easy,CET4
search,/sɜːtʃ/,v.,搜索；搜寻；n. 搜查,easy,CET4
secret,/ˈsiːkrət/,n.,秘密；adj. 秘密的,easy,CET4
secure,/sɪˈkjʊər/,adj.,安全的；牢固的；v. 获得,medium,CET4
seek,/siːk/,v.,寻找；寻求；追求,easy,CET4
select,/sɪˈlekt/,v.,选择；挑选；adj. 精选的,easy,CET4
senior,/ˈsiːniər/,adj.,年长的；高级的；n. 上级,easy,CET4
sense,/sens/,n.,感觉；意义；v. 感觉到,easy,CET4
sensitive,/ˈsensətɪv/,adj.,敏感的；灵敏的,medium,CET4
separate,/ˈsepərət/,v.,分开；adj. 单独的,easy,CET4
series,/ˈsɪəriːz/,n.,系列；连续,easy,CET4
serious,/ˈsɪəriəs/,adj.,严肃的；严重的,easy,CET4
serve,/sɜːv/,v.,服务；供应；任职,easy,CET4
service,/ˈsɜːvɪs/,n.,服务；维修；v. 保养,easy,CET4
session,/ˈseʃn/,n.,会议；一段时间,medium,CET4
settle,/ˈsetl/,v.,解决；定居；安顿,easy,CET4
severe,/sɪˈvɪər/,adj.,严重的；严厉的；剧烈的,medium,CET4
share,/ʃeər/,v.,分享；分担；n. 份额,easy,CET4
sharp,/ʃɑːp/,adj.,锋利的；急剧的；敏锐的,easy,CET4
shift,/ʃɪft/,v.,转移；改变；n. 轮班,medium,CET4
shock,/ʃɒk/,n.,震惊；电击；v. 使震惊,easy,CET4
shortage,/ˈʃɔːtɪdʒ/,n.,短缺；不足,medium,CET4
sign,/saɪn/,n.,标志；迹象；v. 签署,easy,CET4
signal,/ˈsɪɡnəl/,n.,信号；v. 发信号,medium,CET4
significant,/sɪɡˈnɪfɪkənt/,adj.,重要的；显著的,medium,CET4
similar,/ˈsɪmələr/,adj.,相似的；类似的,easy,CET4
simple,/ˈsɪmpl/,adj.,简单的；朴素的,easy,CET4
simulate,/ˈsɪmjuleɪt/,v.,模拟；仿真,medium,CET4
sin,/sɪn/,n.,罪过；v. 犯罪,medium,CET4
since,/sɪns/,prep.,自从；conj. 因为；既然,easy,CET4
single,/ˈsɪŋɡl/,adj.,单一的；单身的；n. 单程票,easy,CET4
site,/saɪt/,n.,地点；网站；遗址,easy,CET4
situation,/ˌsɪtʃuˈeɪʃn/,n.,情况；形势；位置,easy,CET4
skill,/skɪl/,n.,技能；技巧,easy,CET4
skip,/skɪp/,v.,跳过；略过；蹦跳,medium,CET4
slight,/slaɪt/,adj.,轻微的；纤细的,easy,CET4
smart,/smɑːt/,adj.,聪明的；时髦的；智能的,easy,CET4
smooth,/smuːð/,adj.,平滑的；顺利的；v. 使平滑,easy,CET4
society,/səˈsaɪəti/,n.,社会；社团,easy,CET4
software,/ˈsɒftweər/,n.,软件,easy,CET4
solar,/ˈsəʊlər/,adj.,太阳的；太阳能的,medium,CET4
solution,/səˈluːʃn/,n.,解决办法；溶液,easy,CET4
somehow,/ˈsʌmhaʊ/,adv.,以某种方式；不知何故,easy,CET4
sorrow,/ˈsɒrəʊ/,n.,悲伤；悲痛,medium,CET4
source,/sɔːs/,n.,来源；源头,easy,CET4
space,/speɪs/,n.,空间；太空；v. 隔开,easy,CET4
special,/ˈspeʃl/,adj.,特别的；专门的；n. 特价,easy,CET4
species,/ˈspiːʃiːz/,n.,物种；种类,medium,CET4
specify,/ˈspesɪfaɪ/,v.,指定；详细说明,medium,CET4
speech,/spiːtʃ/,n.,演讲；言语；说话能力,easy,CET4
spirit,/ˈspɪrɪt/,n.,精神；心灵；烈酒,easy,CET4
sponsor,/ˈspɒnsər/,n.,赞助商；v. 赞助,medium,CET4
spot,/spɒt/,n.,斑点；地点；v. 发现,easy,CET4
spread,/spred/,v.,传播；展开；n. 传播,easy,CET4
stable,/ˈsteɪbl/,adj.,稳定的；n. 马厩,medium,CET4
staff,/stɑːf/,n.,员工；全体职员,easy,CET4
stage,/steɪdʒ/,n.,舞台；阶段；v. 上演,easy,CET4
standard,/ˈstændəd/,n.,标准；adj. 标准的,easy,CET4
statement,/ˈsteɪtmənt/,n.,陈述；声明；报表,easy,CET4
status,/ˈsteɪtəs/,n.,地位；状态；身份,medium,CET4
steady,/ˈstedi/,adj.,稳定的；稳固的,medium,CET4
step,/step/,n.,步骤；步伐；v. 迈步,easy,CET4
stereotype,/ˈsteriətaɪp/,n.,刻板印象；v. 使模式化,medium,CET4
stimulate,/ˈstɪmjuleɪt/,v.,刺激；激励,medium,CET4
stock,/stɒk/,n.,股票；库存；v. 储备,medium,CET4
storage,/ˈstɔːrɪdʒ/,n.,存储；仓库,medium,CET4
strategy,/ˈstrætədʒi/,n.,策略；战略,medium,CET4
strength,/streŋθ/,n.,力量；强度；长处,easy,CET4
stress,/stres/,n.,压力；强调；v. 强调,easy,CET4
strict,/strɪkt/,adj.,严格的；严厉的,easy,CET4
structure,/ˈstrʌktʃər/,n.,结构；构造；v. 组织,medium,CET4
struggle,/ˈstrʌɡl/,v.,奋斗；挣扎；n. 斗争,easy,CET4
student,/ˈstjuːdnt/,n.,学生,easy,CET4
style,/staɪl/,n.,风格；式样；类型,easy,CET4
subject,/ˈsʌbdʒɪkt/,n.,主题；科目；adj. 受……支配的,easy,CET4
submit,/səbˈmɪt/,v.,提交；屈服,medium,CET4
substance,/ˈsʌbstəns/,n.,物质；实质,medium,CET4
substitute,/ˈsʌbstɪtjuːt/,n.,替代品；v. 代替,medium,CET4
succeed,/səkˈsiːd/,v.,成功；继承,easy,CET4
sufficient,/səˈfɪʃnt/,adj.,足够的；充分的,medium,CET4
suggest,/səˈdʒest/,v.,建议；暗示,easy,CET4
suit,/suːt/,n.,套装；诉讼；v. 适合,easy,CET4
sum,/sʌm/,n.,总数；金额；v. 总结,easy,CET4
summary,/ˈsʌməri/,n.,总结；摘要,medium,CET4
supply,/səˈplaɪ/,v.,供应；提供；n. 供给,easy,CET4
support,/səˈpɔːt/,v.,支持；供养；n. 支持,easy,CET4
suppose,/səˈpəʊz/,v.,猜想；假定；应该,easy,CET4
surface,/ˈsɜːfɪs/,n.,表面；地面；v. 浮出,easy,CET4
surgeon,/ˈsɜːdʒən/,n.,外科医生,medium,CET4
surprise,/səˈpraɪz/,n.,惊奇；v. 使惊讶,easy,CET4
surround,/səˈraʊnd/,v.,包围；环绕,medium,CET4
survey,/ˈsɜːveɪ/,n.,调查；测量；v. 调查,medium,CET4
survive,/səˈvaɪv/,v.,幸存；存活,medium,CET4
swear,/sweər/,v.,发誓；咒骂,medium,CET4
symbol,/ˈsɪmbl/,n.,象征；符号,medium,CET4
sympathy,/ˈsɪmpəθi/,n.,同情；赞同,medium,CET4
system,/ˈsɪstəm/,n.,系统；体系；制度,easy,CET4
talent,/ˈtælənt/,n.,天赋；人才,easy,CET4
target,/ˈtɑːɡɪt/,n.,目标；靶子；v. 瞄准,easy,CET4
task,/tɑːsk/,n.,任务；工作,easy,CET4
tax,/tæks/,n.,税；v. 征税,easy,CET4
technique,/tekˈniːk/,n.,技术；技巧,medium,CET4
technology,/tekˈnɒlədʒi/,n.,技术；科技,easy,CET4
tend,/tend/,v.,倾向；趋向；照料,medium,CET4
tendency,/ˈtendənsi/,n.,趋势；倾向,medium,CET4
tension,/ˈtenʃn/,n.,紧张；张力,medium,CET4
term,/tɜːm/,n.,学期；术语；条款；v. 称为,easy,CET4
terrible,/ˈterəbl/,adj.,可怕的；糟糕的,easy,CET4
theory,/ˈθɪəri/,n.,理论；学说,medium,CET4
therefore,/ˈðeəfɔːr/,adv.,因此；所以,easy,CET4
threat,/θret/,n.,威胁；恐吓,medium,CET4
threaten,/ˈθretn/,v.,威胁；预示,medium,CET4
through,/θruː/,prep.,通过；穿过；adv. 彻底,easy,CET4
tide,/taɪd/,n.,潮汐；潮流,easy,CET4
tiny,/ˈtaɪni/,adj.,微小的；极小的,easy,CET4
tolerance,/ˈtɒlərəns/,n.,宽容；容忍；公差,medium,CET4
tone,/təʊn/,n.,语气；音调；色调,easy,CET4
total,/ˈtəʊtl/,adj.,总的；n. 总数；v. 合计,easy,CET4
tough,/tʌf/,adj.,艰苦的；坚强的；坚硬的,medium,CET4
tourist,/ˈtʊərɪst/,n.,游客；旅行者,easy,CET4
toward,/təˈwɔːd/,prep.,向；朝；对于,easy,CET4
tradition,/trəˈdɪʃn/,n.,传统；惯例,easy,CET4
traffic,/ˈtræfɪk/,n.,交通；运输,easy,CET4
training,/ˈtreɪnɪŋ/,n.,训练；培训,easy,CET4
transfer,/trænsˈfɜːr/,v.,转移；转让；换乘,medium,CET4
transform,/trænsˈfɔːm/,v.,转变；改造,medium,CET4
transport,/ˈtrænspɔːt/,n.,运输；v. 运输,medium,CET4
treat,/triːt/,v.,对待；治疗；款待；n. 款待,easy,CET4
tremendous,/trəˈmendəs/,adj.,巨大的；极好的,medium,CET4
trend,/trend/,n.,趋势；潮流,easy,CET4
trial,/ˈtraɪəl/,n.,审判；试验；考验,medium,CET4
tribe,/traɪb/,n.,部落；群体,medium,CET4
truth,/truːθ/,n.,事实；真相；真理,easy,CET4
typical,/ˈtɪpɪkl/,adj.,典型的；代表性的,medium,CET4
ugly,/ˈʌɡli/,adj.,丑陋的；难看的,easy,CET4
ultimate,/ˈʌltɪmət/,adj.,最终的；根本的,medium,CET4
unable,/ʌnˈeɪbl/,adj.,不能的；不会的,easy,CET4
uncle,/ˈʌŋkl/,n.,叔叔；伯父；舅舅,easy,CET4
undergo,/ˌʌndəˈɡəʊ/,v.,经历；遭受,medium,CET4
underground,/ˈʌndəɡraʊnd/,adj.,地下的；n. 地铁,easy,CET4
understand,/ˌʌndəˈstænd/,v.,理解；明白,easy,CET4
unite,/juˈnaɪt/,v.,联合；团结,easy,CET4
universal,/ˌjuːnɪˈvɜːsl/,adj.,普遍的；通用的,medium,CET4
universe,/ˈjuːnɪvɜːs/,n.,宇宙；领域,medium,CET4
university,/ˌjuːnɪˈvɜːsəti/,n.,大学,easy,CET4
update,/ˌʌpˈdeɪt/,v.,更新；n. 更新,easy,CET4
urban,/ˈɜːbən/,adj.,城市的；都市的,medium,CET4
urge,/ɜːdʒ/,v.,敦促；力劝；n. 冲动,medium,CET4
urgent,/ˈɜːdʒənt/,adj.,紧急的；急迫的,medium,CET4
usage,/ˈjuːsɪdʒ/,n.,使用；用法,medium,CET4
usual,/ˈjuːʒuəl/,adj.,通常的；惯常的,easy,CET4
utility,/juːˈtɪləti/,n.,效用；公用事业,medium,CET4
utilize,/ˈjuːtəlaɪz/,v.,利用,medium,CET4
vacation,/vəˈkeɪʃn/,n.,假期；休假,easy,CET4
valid,/ˈvælɪd/,adj.,有效的；合法的,medium,CET4
valuable,/ˈvæljuəbl/,adj.,有价值的；贵重的,easy,CET4
value,/ˈvæljuː/,n.,价值；v. 重视,easy,CET4
various,/ˈveəriəs/,adj.,各种各样的；不同的,easy,CET4
vary,/ˈveəri/,v.,变化；不同,medium,CET4
vast,/vɑːst/,adj.,巨大的；广阔的,easy,CET4
vehicle,/ˈviːəkl/,n.,车辆；交通工具,medium,CET4
version,/ˈvɜːʃn/,n.,版本；说法,medium,CET4
vertical,/ˈvɜːtɪkl/,adj.,垂直的；竖的,medium,CET4
victim,/ˈvɪktɪm/,n.,受害者；牺牲品,easy,CET4
victory,/ˈvɪktəri/,n.,胜利；成功,easy,CET4
view,/vjuː/,n.,观点；视野；v. 查看；看待,easy,CET4
violence,/ˈvaɪələns/,n.,暴力；猛烈,medium,CET4
virtue,/ˈvɜːtʃuː/,n.,美德；优点,medium,CET4
visible,/ˈvɪzəbl/,adj.,可见的；明显的,medium,CET4
vision,/ˈvɪʒn/,n.,视力；视野；远见,medium,CET4
visit,/ˈvɪzɪt/,v.,参观；拜访；n. 访问,easy,CET4
vital,/ˈvaɪtl/,adj.,至关重要的；有生命力的,medium,CET4
vivid,/ˈvɪvɪd/,adj.,生动的；鲜明的,medium,CET4
vocabulary,/vəˈkæbjələri/,n.,词汇；词汇量,easy,CET4
volcano,/vɒlˈkeɪnəʊ/,n.,火山,medium,CET4
volume,/ˈvɒljuːm/,n.,体积；音量；卷,medium,CET4
volunteer,/ˌvɒlənˈtɪər/,n.,志愿者；v. 自愿,easy,CET4
vote,/vəʊt/,v.,投票；n. 选票,easy,CET4
wage,/weɪdʒ/,n.,工资；v. 发动（战争）,medium,CET4
wealth,/welθ/,n.,财富；财产,easy,CET4
weapon,/ˈwepən/,n.,武器,medium,CET4
weather,/ˈweðər/,n.,天气,easy,CET4
weight,/weɪt/,n.,重量；体重；重担,easy,CET4
welfare,/ˈwelfeər/,n.,福利；幸福,medium,CET4
whatever,/wɒtˈevər/,pron.,无论什么；凡是,easy,CET4
wisdom,/ˈwɪzdəm/,n.,智慧；明智,medium,CET4
wise,/waɪz/,adj.,明智的；智慧的,easy,CET4
withdraw,/wɪðˈdrɔː/,v.,撤回；取款；退出,medium,CET4
witness,/ˈwɪtnəs/,n.,证人；目击者；v. 目击,medium,CET4
wonder,/ˈwʌndər/,v.,想知道；n. 奇迹；惊奇,easy,CET4
worth,/wɜːθ/,adj.,值得的；n. 价值,easy,CET4
worthy,/ˈwɜːði/,adj.,值得的；配得上的,medium,CET4
yield,/jiːld/,v.,出产；屈服；n. 产量,medium,CET4
youngster,/ˈjʌŋstər/,n.,年轻人；少年,easy,CET4
zone,/zəʊn/,n.,区域；地带,easy,CET4
abandon,/əˈbændən/,v.,放弃；抛弃,easy,CET6
abolish,/əˈbɒlɪʃ/,v.,废除；取消,medium,CET6
abrupt,/əˈbrʌpt/,adj.,突然的；唐突的,medium,CET6
absurd,/əbˈsɜːd/,adj.,荒谬的；荒唐的,medium,CET6
abuse,/əˈbjuːz/,v.,滥用；虐待；n. 滥用,medium,CET6
accessory,/əkˈsesəri/,n.,配件；附件,medium,CET6
accommodate,/əˈkɒmədeɪt/,v.,容纳；使适应；提供住宿,medium,CET6
accumulate,/əˈkjuːmjəleɪt/,v.,积累；积聚,medium,CET6
acute,/əˈkjuːt/,adj.,敏锐的；严重的；急性的,medium,CET6
adhere,/ədˈhɪər/,v.,黏附；坚持；遵守,medium,CET6
adjacent,/əˈdʒeɪsnt/,adj.,邻近的；毗连的,medium,CET6
administer,/ədˈmɪnɪstər/,v.,管理；执行；给予,medium,CET6
adolescent,/ˌædəˈlesnt/,n.,青少年；adj. 青春期的,medium,CET6
adverse,/ˈædvɜːs/,adj.,不利的；有害的,medium,CET6
aesthetic,/iːsˈθetɪk/,adj.,美学的；审美的,medium,CET6
aggravate,/ˈæɡrəveɪt/,v.,加重；恶化；激怒,medium,CET6
aggregate,/ˈæɡrɪɡət/,n.,总计；adj. 合计的,medium,CET6
alien,/ˈeɪliən/,adj.,外国的；陌生的；n. 外星人,medium,CET6
allege,/əˈledʒ/,v.,宣称；指控,medium,CET6
alleviate,/əˈliːvieɪt/,v.,减轻；缓解,medium,CET6
allocate,/ˈæləkeɪt/,v.,分配；拨给,medium,CET6
ambiguous,/æmˈbɪɡjuəs/,adj.,模棱两可的；含糊的,medium,CET6
ambitious,/æmˈbɪʃəs/,adj.,有雄心的；有野心的,medium,CET6
ample,/ˈæmpl/,adj.,充足的；宽敞的,medium,CET6
analogy,/əˈnælədʒi/,n.,类比；相似,medium,CET6
anonymous,/əˈnɒnɪməs/,adj.,匿名的,medium,CET6
apparatus,/ˌæpəˈreɪtəs/,n.,仪器；设备；机构,medium,CET6
appendix,/əˈpendɪks/,n.,附录；阑尾,medium,CET6
appraisal,/əˈpreɪzl/,n.,评价；估价,medium,CET6
arbitrary,/ˈɑːbɪtrəri/,adj.,任意的；武断的,medium,CET6
ascend,/əˈsend/,v.,上升；攀登,medium,CET6
ascertain,/ˌæsəˈteɪn/,v.,查明；确定,medium,CET6
aspiration,/ˌæspəˈreɪʃn/,n.,渴望；抱负,medium,CET6
assault,/əˈsɔːlt/,n.,攻击；袭击；v. 袭击,medium,CET6
asset,/ˈæset/,n.,资产；有价值的人或物,medium,CET6
assimilate,/əˈsɪməleɪt/,v.,同化；吸收,medium,CET6
assurance,/əˈʃʊərəns/,n.,保证；信心；保险,medium,CET6
attendance,/əˈtendəns/,n.,出席；到场；出勤率,medium,CET6
auction,/ˈɔːkʃn/,n.,拍卖；v. 拍卖,medium,CET6
authentic,/ɔːˈθentɪk/,adj.,真实的；可靠的,medium,CET6
autonomy,/ɔːˈtɒnəmi/,n.,自治；自主权,medium,CET6
auxiliary,/ɔːɡˈzɪliəri/,adj.,辅助的；备用的,medium,CET6
avenue,/ˈævənjuː/,n.,林荫大道；途径,medium,CET6
await,/əˈweɪt/,v.,等待；等候,medium,CET6
badge,/bædʒ/,n.,徽章；证章,medium,CET6
baffle,/ˈbæfl/,v.,使困惑；难住,medium,CET6
bald,/bɔːld/,adj.,秃头的；光秃的,medium,CET6
bandage,/ˈbændɪdʒ/,n.,绷带；v. 包扎,medium,CET6
bankrupt,/ˈbæŋkrʌpt/,adj.,破产的；n. 破产者,medium,CET6
barren,/ˈbærən/,adj.,贫瘠的；不毛的,medium,CET6
batch,/bætʃ/,n.,一批；一组,medium,CET6
beam,/biːm/,n.,光束；横梁；v. 微笑,medium,CET6
beneficial,/ˌbenɪˈfɪʃl/,adj.,有益的；有利的,medium,CET6
bewilder,/bɪˈwɪldər/,v.,使迷惑；使糊涂,medium,CET6
blaze,/bleɪz/,n.,火焰；v. 燃烧；闪耀,medium,CET6
blend,/blend/,v.,混合；n. 混合物,medium,CET6
blur,/blɜːr/,v.,使模糊；n. 模糊,medium,CET6
boost,/buːst/,v.,促进；提升；n. 推动,medium,CET6
brace,/breɪs/,n.,支架；v. 支撑；使绷紧,medium,CET6
breakdown,/ˈbreɪkdaʊn/,n.,故障；崩溃；分解,medium,CET6
brew,/bruː/,v.,酿造；酝酿；冲泡,medium,CET6
brink,/brɪŋk/,n.,边缘；濒临,medium,CET6
brisk,/brɪsk/,adj.,轻快的；活跃的,medium,CET6
bronze,/brɒnz/,n.,青铜；铜牌,medium,CET6
brood,/bruːd/,v.,沉思；孵蛋；n. 一窝,medium,CET6
bruise,/bruːz/,n.,瘀伤；v. 使瘀青,medium,CET6
bubble,/ˈbʌbl/,n.,气泡；泡沫；v. 冒泡,medium,CET6
bud,/bʌd/,n.,芽；花蕾,medium,CET6
buffalo,/ˈbʌfələʊ/,n.,水牛；野牛,medium,CET6
bulk,/bʌlk/,n.,大批；大量；体积,medium,CET6
bullet,/ˈbʊlɪt/,n.,子弹,medium,CET6
bulletin,/ˈbʊlətɪn/,n.,公告；简报,medium,CET6
bureaucracy,/bjʊəˈrɒkrəsi/,n.,官僚主义；官僚机构,medium,CET6
bypass,/ˈbaɪpɑːs/,n.,旁路；v. 绕过,medium,CET6
calcium,/ˈkælsiəm/,n.,钙,medium,CET6
canal,/kəˈnæl/,n.,运河；渠道,medium,CET6
canvas,/ˈkænvəs/,n.,帆布；油画布,medium,CET6
capability,/ˌkeɪpəˈbɪləti/,n.,能力；性能,medium,CET6
carbon,/ˈkɑːbən/,n.,碳,medium,CET6
carve,/kɑːv/,v.,雕刻；切开,medium,CET6
casualty,/ˈkæʒuəlti/,n.,伤亡人员；受害者,medium,CET6
catastrophe,/kəˈtæstrəfi/,n.,大灾难；惨败,medium,CET6
cater,/ˈkeɪtər/,v.,迎合；提供饮食,medium,CET6
caution,/ˈkɔːʃn/,n.,小心；警告；v. 警告,medium,CET6
cease,/siːs/,v.,停止；终止,medium,CET6
celebrity,/səˈlebrəti/,n.,名人；名声,medium,CET6
ceramic,/səˈræmɪk/,n.,陶瓷；adj. 陶瓷的,medium,CET6
certify,/ˈsɜːtɪfaɪ/,v.,证明；颁发证书,medium,CET6
chaos,/ˈkeɪɒs/,n.,混乱；无秩序,medium,CET6
charter,/ˈtʃɑːtər/,n.,宪章；特许；v. 包租,medium,CET6
cherish,/ˈtʃerɪʃ/,v.,珍爱；怀有,medium,CET6
chronic,/ˈkrɒnɪk/,adj.,慢性的；长期的,medium,CET6
circuit,/ˈsɜːkɪt/,n.,电路；环行,medium,CET6
cite,/saɪt/,v.,引用；举例,medium,CET6
clash,/klæʃ/,v.,冲突；碰撞；n. 冲突,medium,CET6
clause,/klɔːz/,n.,从句；条款,medium,CET6
cling,/klɪŋ/,v.,紧握；依附；坚持,medium,CET6
clip,/klɪp/,n.,回形针；片段；v. 修剪,medium,CET6
clumsy,/ˈklʌmzi/,adj.,笨拙的；不灵活的,medium,CET6
cluster,/ˈklʌstər/,n.,群；簇；v. 群集,medium,CET6
coarse,/kɔːs/,adj.,粗糙的；粗俗的,medium,CET6
cognitive,/ˈkɒɡnətɪv/,adj.,认知的,medium,CET6
coherent,/kəʊˈhɪərənt/,adj.,连贯的；一致的,medium,CET6
coincide,/ˌkəʊɪnˈsaɪd/,v.,同时发生；一致,medium,CET6
collaborate,/kəˈlæbəreɪt/,v.,合作；协作,medium,CET6
collide,/kəˈlaɪd/,v.,碰撞；冲突,medium,CET6
colossal,/kəˈlɒsl/,adj.,巨大的；庞大的,medium,CET6
commence,/kəˈmens/,v.,开始；着手,medium,CET6
commodity,/kəˈmɒdəti/,n.,商品；日用品,medium,CET6
compact,/kəmˈpækt/,adj.,紧凑的；v. 压实,medium,CET6
compatible,/kəmˈpætəbl/,adj.,兼容的；相容的,medium,CET6
compensate,/ˈkɒmpenseɪt/,v.,补偿；赔偿,medium,CET6
competent,/ˈkɒmpɪtənt/,adj.,有能力的；胜任的,medium,CET6
complement,/ˈkɒmplɪment/,v.,补充；n. 补足物,medium,CET6
complication,/ˌkɒmplɪˈkeɪʃn/,n.,并发症；复杂化,medium,CET6
compliment,/ˈkɒmplɪmənt/,n.,赞美；恭维；v. 称赞,medium,CET6
comply,/kəmˈplaɪ/,v.,遵从；服从,medium,CET6
comprehensive,/ˌkɒmprɪˈhensɪv/,adj.,全面的；综合的,medium,CET6
compromise,/ˈkɒmprəmaɪz/,n.,妥协；v. 妥协；危及,medium,CET6
conceal,/kənˈsiːl/,v.,隐藏；隐瞒,medium,CET6
concede,/kənˈsiːd/,v.,承认；让步,medium,CET6
conceive,/kənˈsiːv/,v.,构想；怀孕；认为,medium,CET6
concession,/kənˈseʃn/,n.,让步；特许权,medium,CET6
condemn,/kənˈdem/,v.,谴责；判刑,medium,CET6
condense,/kənˈdens/,v.,压缩；凝结,medium,CET6
confess,/kənˈfes/,v.,承认；坦白,medium,CET6
confidential,/ˌkɒnfɪˈdenʃl/,adj.,机密的；保密的,medium,CET6
configuration,/kənˌfɪɡəˈreɪʃn/,n.,配置；布局,medium,CET6
confront,/kənˈfrʌnt/,v.,面对；对抗,medium,CET6
congress,/ˈkɒŋɡres/,n.,国会；代表大会,medium,CET6
conscientious,/ˌkɒnʃiˈenʃəs/,adj.,认真负责的,medium,CET6
consecutive,/kənˈsekjətɪv/,adj.,连续的；连贯的,medium,CET6
consensus,/kənˈsensəs/,n.,共识；一致意见,medium,CET6
conserve,/kənˈsɜːv/,v.,保护；节约,medium,CET6
consolidate,/kənˈsɒlɪdeɪt/,v.,巩固；合并,medium,CET6
conspicuous,/kənˈspɪkjuəs/,adj.,显眼的；明显的,medium,CET6
constrain,/kənˈstreɪn/,v.,限制；约束,medium,CET6
consultant,/kənˈsʌltənt/,n.,顾问；咨询师,medium,CET6
contaminate,/kənˈtæmɪneɪt/,v.,污染；弄脏,medium,CET6
contemplate,/ˈkɒntəmpleɪt/,v.,沉思；考虑,medium,CET6
contempt,/kənˈtempt/,n.,轻视；蔑视,medium,CET6
contend,/kənˈtend/,v.,竞争；主张；斗争,medium,CET6
controversial,/ˌkɒntrəˈvɜːʃl/,adj.,有争议的,medium,CET6
converge,/kənˈvɜːdʒ/,v.,汇聚；集中,medium,CET6
copyright,/ˈkɒpiraɪt/,n.,版权；著作权,medium,CET6
cordial,/ˈkɔːdiəl/,adj.,热情友好的,medium,CET6
corporate,/ˈkɔːpərət/,adj.,公司的；法人的,medium,CET6
correlate,/ˈkɒrəleɪt/,v.,相关；使相关联,medium,CET6
corrode,/kəˈrəʊd/,v.,腐蚀；侵蚀,medium,CET6
counsel,/ˈkaʊnsl/,n.,建议；法律顾问；v. 劝告,medium,CET6
counterpart,/ˈkaʊntəpɑːt/,n.,对应的人或物,medium,CET6
credible,/ˈkredəbl/,adj.,可信的；可靠的,medium,CET6
criterion,/kraɪˈtɪəriən/,n.,标准；准则,medium,CET6
cruise,/kruːz/,n.,巡航；乘船游览；v. 巡航,medium,CET6
culminate,/ˈkʌlmɪneɪt/,v.,达到顶点；以……告终,medium,CET6
curb,/kɜːb/,v.,抑制；控制；n. 路边,medium,CET6
cynical,/ˈsɪnɪkl/,adj.,愤世嫉俗的；怀疑的,medium,CET6
dazzle,/ˈdæzl/,v.,使目眩；使惊叹,medium,CET6
deadlock,/ˈdedlɒk/,n.,僵局；v. 使陷入僵局,medium,CET6
decent,/ˈdiːsnt/,adj.,体面的；正派的；相当好的,medium,CET6
dedicate,/ˈdedɪkeɪt/,v.,奉献；致力于,medium,CET6
deduce,/dɪˈdjuːs/,v.,推断；演绎,medium,CET6
deem,/diːm/,v.,认为；视为,medium,CET6
deficiency,/dɪˈfɪʃnsi/,n.,缺乏；不足；缺陷,medium,CET6
deficit,/ˈdefɪsɪt/,n.,赤字；亏损,medium,CET6
defy,/dɪˈfaɪ/,v.,违抗；藐视；挑战,medium,CET6
degrade,/dɪˈɡreɪd/,v.,贬低；降级；退化,medium,CET6
delegate,/ˈdelɪɡət/,n.,代表；v. 委派,medium,CET6
demolish,/dɪˈmɒlɪʃ/,v.,拆毁；推翻,medium,CET6
dense,/dens/,adj.,密集的；浓密的,medium,CET6
denounce,/dɪˈnaʊns/,v.,谴责；告发,medium,CET6
depict,/dɪˈpɪkt/,v.,描绘；描述,medium,CET6
deport,/dɪˈpɔːt/,v.,驱逐出境,medium,CET6
deprive,/dɪˈpraɪv/,v.,剥夺；使丧失,medium,CET6
descend,/dɪˈsend/,v.,下降；下来；起源,medium,CET6
designate,/ˈdezɪɡneɪt/,v.,指定；任命,medium,CET6
despise,/dɪˈspaɪz/,v.,鄙视；看不起,medium,CET6
deteriorate,/dɪˈtɪəriəreɪt/,v.,恶化；变坏,medium,CET6
deviate,/ˈdiːvieɪt/,v.,偏离；背离,medium,CET6
devise,/dɪˈvaɪz/,v.,设计；发明,medium,CET6
diagnose,/ˈdaɪəɡnəʊz/,v.,诊断；判断,medium,CET6
dictate,/dɪkˈteɪt/,v.,口述；命令；支配,medium,CET6
differentiate,/ˌdɪfəˈrenʃieɪt/,v.,区分；使有差异,medium,CET6
diffuse,/dɪˈfjuːz/,v.,扩散；传播；adj. 散开的,medium,CET6
diminish,/dɪˈmɪnɪʃ/,v.,减少；减弱；贬低,medium,CET6
diplomatic,/ˌdɪpləˈmætɪk/,adj.,外交的；圆滑的,medium,CET6
disable,/dɪsˈeɪbl/,v.,使残废；使无效,medium,CET6
disclose,/dɪsˈkləʊz/,v.,披露；透露,medium,CET6
discord,/ˈdɪskɔːd/,n.,不和；不一致,medium,CET6
discrimination,/dɪˌskrɪmɪˈneɪʃn/,n.,歧视；辨别,medium,CET6
disguise,/dɪsˈɡaɪz/,v.,伪装；n. 伪装,medium,CET6
dismay,/dɪsˈmeɪ/,n.,沮丧；v. 使沮丧,medium,CET6
dispatch,/dɪˈspætʃ/,v.,派遣；发送；n. 派遣,medium,CET6
disperse,/dɪˈspɜːs/,v.,驱散；散开,medium,CET6
displace,/dɪsˈpleɪs/,v.,取代；使离开,medium,CET6
disposition,/ˌdɪspəˈzɪʃn/,n.,性情；倾向；布置,medium,CET6
disrupt,/dɪsˈrʌpt/,v.,扰乱；中断,medium,CET6
dissolve,/dɪˈzɒlv/,v.,溶解；解散；消除,medium,CET6
distort,/dɪˈstɔːt/,v.,扭曲；歪曲,medium,CET6
divert,/daɪˈvɜːt/,v.,转移；使改道,medium,CET6
dividend,/ˈdɪvɪdend/,n.,股息；红利；回报,medium,CET6
doctrine,/ˈdɒktrɪn/,n.,教义；学说；原则,medium,CET6
domain,/dəˈmeɪn/,n.,领域；域名；领土,medium,CET6
dominant,/ˈdɒmɪnənt/,adj.,占优势的；主导的,medium,CET6
donor,/ˈdəʊnər/,n.,捐赠者；供血者,medium,CET6
drain,/dreɪn/,v.,排干；耗尽；n. 排水管,medium,CET6
dread,/dred/,v.,恐惧；担心；n. 恐惧,medium,CET6
drought,/draʊt/,n.,干旱；旱灾,medium,CET6
dual,/ˈdjuːəl/,adj.,双重的；双的,medium,CET6
duplicate,/ˈdjuːplɪkeɪt/,v.,复制；n. 副本,medium,CET6
dwell,/dwel/,v.,居住；细想；停留,medium,CET6
eccentric,/ɪkˈsentrɪk/,adj.,古怪的；n. 怪人,medium,CET6
echo,/ˈekəʊ/,n.,回声；v. 回响；附和,medium,CET6
ecology,/iˈkɒlədʒi/,n.,生态学；生态,medium,CET6
edible,/ˈedəbl/,adj.,可食用的,medium,CET6
elaborate,/ɪˈlæbərət/,adj.,精心制作的；v. 详细说明,medium,CET6
elapse,/ɪˈlæps/,v.,（时间）流逝,medium,CET6
elastic,/ɪˈlæstɪk/,adj.,有弹性的；n. 橡皮筋,medium,CET6
elite,/eɪˈliːt/,n.,精英；上层人士,medium,CET6
eloquent,/ˈeləkwənt/,adj.,雄辩的；有说服力的,medium,CET6
embark,/ɪmˈbɑːk/,v.,上船；着手；从事,medium,CET6
embed,/ɪmˈbed/,v.,嵌入；植入,medium,CET6
embody,/ɪmˈbɒdi/,v.,体现；包含,medium,CET6
eminent,/ˈemɪnənt/,adj.,杰出的；显赫的,medium,CET6
empirical,/ɪmˈpɪrɪkl/,adj.,经验主义的；实证的,medium,CET6
enclose,/ɪnˈkləʊz/,v.,围住；附上,medium,CET6
encompass,/ɪnˈkʌmpəs/,v.,包含；包围,medium,CET6
endeavor,/ɪnˈdevər/,v.,努力；n. 努力,medium,CET6
endow,/ɪnˈdaʊ/,v.,捐赠；赋予,medium,CET6
endurance,/ɪnˈdjʊərəns/,n.,忍耐力；持久力,medium,CET6
energetic,/ˌenəˈdʒetɪk/,adj.,精力充沛的,medium,CET6
enforce,/ɪnˈfɔːs/,v.,执行；强制,medium,CET6
enroll,/ɪnˈrəʊl/,v.,注册；入学；入伍,medium,CET6
entitle,/ɪnˈtaɪtl/,v.,使有资格；给……命名,medium,CET6
entity,/ˈentəti/,n.,实体；存在,medium,CET6
entrepreneur,/ˌɒntrəprəˈnɜːr/,n.,企业家,medium,CET6
envisage,/ɪnˈvɪzɪdʒ/,v.,设想；展望,medium,CET6
epidemic,/ˌepɪˈdemɪk/,n.,流行病；adj. 流行性的,medium,CET6
episode,/ˈepɪsəʊd/,n.,插曲；一集；事件,medium,CET6
equate,/ɪˈkweɪt/,v.,等同；使相等,medium,CET6
equivalent,/ɪˈkwɪvələnt/,adj.,等价的；n. 等价物,medium,CET6
erode,/ɪˈrəʊd/,v.,侵蚀；腐蚀；削弱,medium,CET6
erupt,/ɪˈrʌpt/,v.,爆发；喷发,medium,CET6
escalate,/ˈeskəleɪt/,v.,升级；加剧,medium,CET6
esteem,/ɪˈstiːm/,n.,尊重；v. 尊重；认为,medium,CET6
eternal,/ɪˈtɜːnl/,adj.,永恒的；永久的,medium,CET6
ethics,/ˈeθɪks/,n.,道德；伦理,medium,CET6
evacuate,/ɪˈvækjueɪt/,v.,疏散；撤离,medium,CET6
evoke,/ɪˈvəʊk/,v.,唤起；引起,medium,CET6
exaggerate,/ɪɡˈzædʒəreɪt/,v.,夸大；夸张,medium,CET6
exceed,/ɪkˈsiːd/,v.,超过；超越,medium,CET6
exemplify,/ɪɡˈzemplɪfaɪ/,v.,例证；举例说明,medium,CET6
exempt,/ɪɡˈzempt/,v.,免除；adj. 被豁免的,medium,CET6
exert,/ɪɡˈzɜːt/,v.,施加；运用；努力,medium,CET6
exile,/ˈeksaɪl/,n.,流放；v. 放逐,medium,CET6
exotic,/ɪɡˈzɒtɪk/,adj.,异国情调的；奇异的,medium,CET6
expedition,/ˌekspəˈdɪʃn/,n.,远征；探险队,medium,CET6
expenditure,/ɪkˈspendɪtʃər/,n.,支出；花费,medium,CET6
expertise,/ˌekspɜːˈtiːz/,n.,专业知识；专门技能,medium,CET6
expire,/ɪkˈspaɪər/,v.,到期；失效；逝世,medium,CET6
explicit,/ɪkˈsplɪsɪt/,adj.,明确的；直言的,medium,CET6
exploit,/ɪkˈsplɔɪt/,v.,开发；利用；剥削,medium,CET6
extinct,/ɪkˈstɪŋkt/,adj.,灭绝的；绝迹的,medium,CET6
extract,/ɪkˈstrækt/,v.,提取；摘录；n. 提取物,medium,CET6
extravagant,/ɪkˈstrævəɡənt/,adj.,奢侈的；过度的,medium,CET6
fabricate,/ˈfæbrɪkeɪt/,v.,捏造；制造,medium,CET6
facet,/ˈfæsɪt/,n.,方面；小平面,medium,CET6
facilitate,/fəˈsɪlɪteɪt/,v.,促进；使便利,medium,CET6
feasible,/ˈfiːzəbl/,adj.,可行的；行得通的,medium,CET6
federation,/ˌfedəˈreɪʃn/,n.,联邦；联盟,medium,CET6
fertile,/ˈfɜːtaɪl/,adj.,肥沃的；能生育的；丰富的,medium,CET6
fiction,/ˈfɪkʃn/,n.,小说；虚构,medium,CET6
fixture,/ˈfɪkstʃər/,n.,固定装置；固定成员,medium,CET6
flare,/fleər/,v.,闪耀；突然发怒；n. 闪光,medium,CET6
flatter,/ˈflætər/,v.,奉承；使高兴,medium,CET6
flaw,/flɔː/,n.,缺陷；瑕疵,medium,CET6
fluctuate,/ˈflʌktʃueɪt/,v.,波动；起伏,medium,CET6
flush,/flʌʃ/,v.,脸红；冲洗；n. 脸红,medium,CET6
foam,/fəʊm/,n.,泡沫；v. 起泡沫,medium,CET6
forge,/fɔːdʒ/,v.,锻造；伪造；建立,medium,CET6
formidable,/ˈfɔːmɪdəbl/,adj.,可怕的；难对付的,medium,CET6
formulate,/ˈfɔːmjuleɪt/,v.,制定；阐述,medium,CET6
foster,/ˈfɒstər/,v.,培养；促进；收养,medium,CET6
fracture,/ˈfræktʃər/,n.,骨折；断裂；v. 破裂,medium,CET6
fragile,/ˈfrædʒaɪl/,adj.,脆弱的；易碎的,medium,CET6
fragment,/ˈfræɡmənt/,n.,碎片；片段,medium,CET6
frantic,/ˈfræntɪk/,adj.,狂乱的；疯狂的,medium,CET6
fraud,/frɔːd/,n.,欺诈；骗子,medium,CET6
friction,/ˈfrɪkʃn/,n.,摩擦；不和,medium,CET6
fulfill,/fʊlˈfɪl/,v.,履行；实现；满足,medium,CET6
furious,/ˈfjʊəriəs/,adj.,狂怒的；激烈的,medium,CET6
fuse,/fjuːz/,n.,保险丝；v. 熔合,medium,CET6
fusion,/ˈfjuːʒn/,n.,融合；核聚变,medium,CET6
gauge,/ɡeɪdʒ/,n.,计量器；v. 测量；评估,medium,CET6
gaze,/ɡeɪz/,v.,凝视；n. 注视,medium,CET6
gene,/dʒiːn/,n.,基因,medium,CET6
generalize,/ˈdʒenrəlaɪz/,v.,概括；推广,medium,CET6
genetic,/dʒəˈnetɪk/,adj.,基因的；遗传的,medium,CET6
geology,/dʒiˈɒlədʒi/,n.,地质学,medium,CET6
gigantic,/dʒaɪˈɡæntɪk/,adj.,巨大的；庞大的,medium,CET6
glare,/ɡleər/,v.,怒视；闪耀；n. 强光,medium,CET6
glide,/ɡlaɪd/,v.,滑行；滑翔,medium,CET6
gloomy,/ˈɡluːmi/,adj.,阴暗的；忧郁的,medium,CET6
gorgeous,/ˈɡɔːdʒəs/,adj.,华丽的；极好的,medium,CET6
gossip,/ˈɡɒsɪp/,n.,流言蜚语；v. 闲聊,medium,CET6
graze,/ɡreɪz/,v.,吃草；擦伤；n. 擦伤,medium,CET6
grease,/ɡriːs/,n.,油脂；v. 涂油,medium,CET6
grief,/ɡriːf/,n.,悲伤；悲痛,medium,CET6
grim,/ɡrɪm/,adj.,冷酷的；严峻的,medium,CET6
grin,/ɡrɪn/,v.,咧嘴笑；n. 露齿笑,medium,CET6
groan,/ɡrəʊn/,v.,呻吟；n. 呻吟声,medium,CET6
grope,/ɡrəʊp/,v.,摸索；搜寻,medium,CET6
guideline,/ˈɡaɪdlaɪn/,n.,指导方针；准则,medium,CET6
hamper,/ˈhæmpər/,v.,妨碍；阻碍,medium,CET6
harassment,/ˈhærəsmənt/,n.,骚扰；烦扰,medium,CET6
hardware,/ˈhɑːdweər/,n.,硬件；五金制品,medium,CET6
harmonious,/hɑːˈməʊniəs/,adj.,和谐的；和睦的,medium,CET6
harsh,/hɑːʃ/,adj.,严厉的；刺耳的；严酷的,medium,CET6
haul,/hɔːl/,v.,拖；拉；运送,medium,CET6
haunt,/hɔːnt/,v.,萦绕；常去；n. 常去之处,medium,CET6
havoc,/ˈhævək/,n.,大破坏；浩劫,medium,CET6
heal,/hiːl/,v.,治愈；愈合；和解,medium,CET6
heap,/hiːp/,n.,堆；v. 堆积,medium,CET6
heave,/hiːv/,v.,举起；起伏；呕吐,medium,CET6
heed,/hiːd/,v.,注意；留心；n. 注意,medium,CET6
heritage,/ˈherɪtɪdʒ/,n.,遗产；传统,medium,CET6
hierarchy,/ˈhaɪərɑːki/,n.,等级制度；层级,medium,CET6
hinder,/ˈhɪndər/,v.,阻碍；妨碍,medium,CET6
hinge,/hɪndʒ/,n.,铰链；v. 依靠；取决于,medium,CET6
hip,/hɪp/,n.,臀部；髋部,medium,CET6
historic,/hɪˈstɒrɪk/,adj.,历史性的；有历史意义的,medium,CET6
hitherto,/ˌhɪðəˈtuː/,adv.,迄今；到目前为止,medium,CET6
hoist,/hɔɪst/,v.,升起；吊起,medium,CET6
homogeneous,/ˌhɒməˈdʒiːniəs/,adj.,同质的；同类的,medium,CET6
hospitality,/ˌhɒspɪˈtæləti/,n.,好客；殷勤,medium,CET6
hostage,/ˈhɒstɪdʒ/,n.,人质,medium,CET6
hostile,/ˈhɒstaɪl/,adj.,敌对的；不友善的,medium,CET6
hover,/ˈhɒvər/,v.,盘旋；徘徊,medium,CET6
hum,/hʌm/,v.,哼唱；嗡嗡作响,medium,CET6
humanity,/hjuːˈmænəti/,n.,人类；人道；人文学科,medium,CET6
hysterical,/hɪˈsterɪkl/,adj.,歇斯底里的；情绪激动的,medium,CET6
ideology,/ˌaɪdiˈɒlədʒi/,n.,意识形态；思想体系,medium,CET6
ignite,/ɪɡˈnaɪt/,v.,点燃；引发,medium,CET6
illuminate,/ɪˈluːmɪneɪt/,v.,照亮；阐明,medium,CET6
illusion,/ɪˈluːʒn/,n.,幻觉；错觉,medium,CET6
immerse,/ɪˈmɜːs/,v.,沉浸；浸入,medium,CET6
immune,/ɪˈmjuːn/,adj.,免疫的；不受影响的,medium,CET6
impair,/ɪmˈpeər/,v.,损害；削弱,medium,CET6
impart,/ɪmˈpɑːt/,v.,传授；告知,medium,CET6
imperative,/ɪmˈperətɪv/,adj.,必要的；紧急的；n. 命令,medium,CET6
impetus,/ˈɪmpɪtəs/,n.,动力；推动力,medium,CET6
implicit,/ɪmˈplɪsɪt/,adj.,含蓄的；隐含的,medium,CET6
impulse,/ˈɪmpʌls/,n.,冲动；脉冲,medium,CET6
incentive,/ɪnˈsentɪv/,n.,激励；刺激,medium,CET6
incidence,/ˈɪnsɪdəns/,n.,发生率；影响范围,medium,CET6
incident,/ˈɪnsɪdənt/,n.,事件；事故,medium,CET6
incline,/ɪnˈklaɪn/,v.,倾向；倾斜；n. 斜坡,medium,CET6
incorporate,/ɪnˈkɔːpəreɪt/,v.,合并；包含；吸收,medium,CET6
incur,/ɪnˈkɜːr/,v.,招致；引起；遭受,medium,CET6
indignant,/ɪnˈdɪɡnənt/,adj.,愤慨的；义愤的,medium,CET6
indispensable,/ˌɪndɪˈspensəbl/,adj.,不可或缺的；必需的,medium,CET6
induce,/ɪnˈdjuːs/,v.,诱导；引起；劝诱,medium,CET6
indulge,/ɪnˈdʌldʒ/,v.,沉溺；纵容,medium,CET6
inertia,/ɪˈnɜːʃə/,n.,惯性；惰性,medium,CET6
inevitable,/ɪnˈevɪtəbl/,adj.,不可避免的,medium,CET6
inflict,/ɪnˈflɪkt/,v.,使遭受；施加,medium,CET6
ingenious,/ɪnˈdʒiːniəs/,adj.,巧妙的；有创造力的,medium,CET6
inherent,/ɪnˈhɪərənt/,adj.,固有的；内在的,medium,CET6
inhibit,/ɪnˈhɪbɪt/,v.,抑制；阻止,medium,CET6
initiative,/ɪˈnɪʃətɪv/,n.,主动性；倡议；措施,medium,CET6
inject,/ɪnˈdʒekt/,v.,注射；注入,medium,CET6
inland,/ˈɪnlənd/,adj.,内陆的；adv. 在内陆,medium,CET6
inlet,/ˈɪnlet/,n.,入口；水湾,medium,CET6
innumerable,/ɪˈnjuːmərəbl/,adj.,无数的；数不清的,medium,CET6
insane,/ɪnˈseɪn/,adj.,精神失常的；疯狂的,medium,CET6
insight,/ˈɪnsaɪt/,n.,洞察力；深刻见解,medium,CET6
inspiration,/ˌɪnspəˈreɪʃn/,n.,灵感；鼓舞人心的人或事,medium,CET6
instinct,/ˈɪnstɪŋkt/,n.,本能；直觉,medium,CET6
integral,/ˈɪntɪɡrəl/,adj.,不可或缺的；完整的,medium,CET6
integrate,/ˈɪntɪɡreɪt/,v.,整合；融入,medium,CET6
integrity,/ɪnˈteɡrəti/,n.,正直；完整；诚信,medium,CET6
intellect,/ˈɪntəlekt/,n.,智力；才智,medium,CET6
intensity,/ɪnˈtensəti/,n.,强度；强烈,medium,CET6
intervene,/ˌɪntəˈviːn/,v.,干预；介入,medium,CET6
intimidate,/ɪnˈtɪmɪdeɪt/,v.,恐吓；威胁,medium,CET6
intricate,/ˈɪntrɪkət/,adj.,错综复杂的,medium,CET6
intrigue,/ɪnˈtriːɡ/,v.,引起兴趣；n. 阴谋,medium,CET6
intuition,/ˌɪntjuˈɪʃn/,n.,直觉；直觉力,medium,CET6
invalid,/ɪnˈvælɪd/,adj.,无效的；n. 病人,medium,CET6
invaluable,/ɪnˈvæljuəbl/,adj.,无价的；非常宝贵的,medium,CET6
invariably,/ɪnˈveəriəbli/,adv.,始终如一地；总是,medium,CET6
inventory,/ˈɪnvəntri/,n.,存货；库存清单,medium,CET6
inverse,/ˌɪnˈvɜːs/,adj.,相反的；n. 反面,medium,CET6
irony,/ˈaɪrəni/,n.,讽刺；反语,medium,CET6
irrigate,/ˈɪrɪɡeɪt/,v.,灌溉,medium,CET6
irritate,/ˈɪrɪteɪt/,v.,激怒；刺激,medium,CET6
isolate,/ˈaɪsəleɪt/,v.,隔离；孤立,medium,CET6
jeopardize,/ˈdʒepədaɪz/,v.,危及；损害,medium,CET6
jerk,/dʒɜːk/,v.,猛拉；n. 急拉；蠢人,medium,CET6
junction,/ˈdʒʌŋkʃn/,n.,交汇处；连接点,medium,CET6
jury,/ˈdʒʊəri/,n.,陪审团；评委会,medium,CET6
justify,/ˈdʒʌstɪfaɪ/,v.,证明……正当；为……辩护,medium,CET6
kin,/kɪn/,n.,亲属；家族,medium,CET6
kit,/kɪt/,n.,成套工具；装备,medium,CET6
knit,/nɪt/,v.,编织；紧密结合,medium,CET6
lag,/læɡ/,v.,落后；n. 延迟,medium,CET6
lame,/leɪm/,adj.,跛的；站不住脚的,medium,CET6
latent,/ˈleɪtnt/,adj.,潜在的；潜伏的,medium,CET6
latitude,/ˈlætɪtjuːd/,n.,纬度；自由度,medium,CET6
legend,/ˈledʒənd/,n.,传奇；图例,medium,CET6
legislation,/ˌledʒɪsˈleɪʃn/,n.,立法；法规,medium,CET6
legitimate,/lɪˈdʒɪtɪmət/,adj.,合法的；正当的,medium,CET6
levy,/ˈlevi/,v.,征收；n. 征税,medium,CET6
liability,/ˌlaɪəˈbɪləti/,n.,责任；负债；不利因素,medium,CET6
likelihood,/ˈlaɪklihʊd/,n.,可能性,medium,CET6
limp,/lɪmp/,v.,跛行；adj. 无力的,medium,CET6
linger,/ˈlɪŋɡər/,v.,逗留；徘徊；持续,medium,CET6
literacy,/ˈlɪtərəsi/,n.,读写能力；素养,medium,CET6
literally,/ˈlɪtərəli/,adv.,字面上地；确实地,medium,CET6
livestock,/ˈlaɪvstɒk/,n.,牲畜；家畜,medium,CET6
locomotive,/ˌləʊkəˈməʊtɪv/,n.,机车；火车头,medium,CET6
lodge,/lɒdʒ/,v.,住宿；存放；n. 小屋,medium,CET6
lofty,/ˈlɒfti/,adj.,高耸的；崇高的,medium,CET6
longitude,/ˈlɒŋɡɪtjuːd/,n.,经度,medium,CET6
loom,/luːm/,v.,隐约出现；逼近；n. 织布机,medium,CET6
lounge,/laʊndʒ/,n.,休息室；v. 闲逛,medium,CET6
lubricate,/ˈluːbrɪkeɪt/,v.,润滑,medium,CET6
luminous,/ˈluːmɪnəs/,adj.,发光的；明亮的,medium,CET6
lung,/lʌŋ/,n.,肺,medium,CET6
magistrate,/ˈmædʒɪstreɪt/,n.,地方法官,medium,CET6
magnify,/ˈmæɡnɪfaɪ/,v.,放大；夸大,medium,CET6
manifest,/ˈmænɪfest/,adj.,明显的；v. 显示；证明,medium,CET6
manipulate,/məˈnɪpjuleɪt/,v.,操纵；控制；操作,medium,CET6
manuscript,/ˈmænjuskrɪpt/,n.,手稿；原稿,medium,CET6
marble,/ˈmɑːbl/,n.,大理石；弹珠,medium,CET6
marsh,/mɑːʃ/,n.,沼泽；湿地,medium,CET6
marvelous,/ˈmɑːvələs/,adj.,了不起的；非凡的,medium,CET6
masculine,/ˈmæskjəlɪn/,adj.,男性的；阳刚的,medium,CET6
massacre,/ˈmæsəkər/,n.,大屠杀；v. 屠杀,medium,CET6
massive,/ˈmæsɪv/,adj.,巨大的；大量的,medium,CET6
meadow,/ˈmedəʊ/,n.,草地；牧场,medium,CET6
mechanism,/ˈmekənɪzəm/,n.,机制；机械装置,medium,CET6
mediate,/ˈmiːdieɪt/,v.,调解；斡旋,medium,CET6
medieval,/ˌmediˈiːvl/,adj.,中世纪的,medium,CET6
melody,/ˈmelədi/,n.,旋律；曲调,medium,CET6
memorandum,/ˌmeməˈrændəm/,n.,备忘录,medium,CET6
menace,/ˈmenəs/,n.,威胁；危险人物；v. 威胁,medium,CET6
merge,/mɜːdʒ/,v.,合并；融合,medium,CET6
merit,/ˈmerɪt/,n.,优点；价值；v. 值得,medium,CET6
metallic,/məˈtælɪk/,adj.,金属的；金属般的,medium,CET6
metropolitan,/ˌmetrəˈpɒlɪtən/,adj.,大都市的,medium,CET6
midst,/mɪdst/,n.,中间；当中,medium,CET6
militant,/ˈmɪlɪtənt/,adj.,好战的；激进的,medium,CET6
millionaire,/ˌmɪljəˈneər/,n.,百万富翁,medium,CET6
mingle,/ˈmɪŋɡl/,v.,混合；交往,medium,CET6
miniature,/ˈmɪnətʃər/,adj.,微型的；n. 缩微模型,medium,CET6
minimize,/ˈmɪnɪmaɪz/,v.,使最小化；低估,medium,CET6
mischief,/ˈmɪstʃɪf/,n.,恶作剧；淘气,medium,CET6
misery,/ˈmɪzəri/,n.,痛苦；悲惨,medium,CET6
misfortune,/ˌmɪsˈfɔːtʃuːn/,n.,不幸；灾祸,medium,CET6
mobilize,/ˈməʊbəlaɪz/,v.,动员；调动,medium,CET6
mock,/mɒk/,v.,嘲笑；adj. 假的,medium,CET6
modify,/ˈmɒdɪfaɪ/,v.,修改；修饰,medium,CET6
module,/ˈmɒdjuːl/,n.,模块；单元,medium,CET6
momentum,/məˈmentəm/,n.,势头；动量,medium,CET6
monetary,/ˈmʌnɪtri/,adj.,货币的；金融的,medium,CET6
monopoly,/məˈnɒpəli/,n.,垄断；专卖权,medium,CET6
monster,/ˈmɒnstər/,n.,怪物；巨兽,medium,CET6
monument,/ˈmɒnjumənt/,n.,纪念碑；遗址,medium,CET6
mortal,/ˈmɔːtl/,adj.,致命的；终有一死的；n. 凡人,medium,CET6
mortgage,/ˈmɔːɡɪdʒ/,n.,抵押贷款；v. 抵押,medium,CET6
motionless,/ˈməʊʃnləs/,adj.,不动的；静止的,medium,CET6
motive,/ˈməʊtɪv/,n.,动机；目的,medium,CET6
mourn,/mɔːn/,v.,哀悼；悲痛,medium,CET6
muddy,/ˈmʌdi/,adj.,泥泞的；浑浊的,medium,CET6
multitude,/ˈmʌltɪtjuːd/,n.,大量；众多,medium,CET6
municipal,/mjuːˈnɪsɪpl/,adj.,市政的；地方政府的,medium,CET6
mutual,/ˈmjuːtʃuəl/,adj.,相互的；共同的,medium,CET6
naive,/naɪˈiːv/,adj.,天真的；幼稚的,medium,CET6
naked,/ˈneɪkɪd/,adj.,裸体的；裸露的；无掩饰的,medium,CET6
namely,/ˈneɪmli/,adv.,即；也就是,medium,CET6
narrative,/ˈnærətɪv/,n.,叙述；故事；adj. 叙事的,medium,CET6
nasty,/ˈnɑːsti/,adj.,令人厌恶的；恶劣的,medium,CET6
necessitate,/nəˈsesɪteɪt/,v.,使成为必要,medium,CET6
negligible,/ˈneɡlɪdʒəbl/,adj.,微不足道的；可忽略的,medium,CET6
nominate,/ˈnɒmɪneɪt/,v.,提名；任命,medium,CET6
norm,/nɔːm/,n.,规范；标准；常态,medium,CET6
notable,/ˈnəʊtəbl/,adj.,显著的；著名的,medium,CET6
notorious,/nəʊˈtɔːriəs/,adj.,臭名昭著的,medium,CET6
notwithstanding,/ˌnɒtwɪθˈstændɪŋ/,prep.,尽管；adv. 尽管如此,medium,CET6
nourish,/ˈnʌrɪʃ/,v.,滋养；培养；怀有,medium,CET6
novelty,/ˈnɒvlti/,n.,新奇；新奇的事物,medium,CET6
nuisance,/ˈnjuːsns/,n.,讨厌的人或事；麻烦,medium,CET6
nutrition,/njuˈtrɪʃn/,n.,营养；营养学,medium,CET6
oath,/əʊθ/,n.,誓言；宣誓,medium,CET6
obedient,/əˈbiːdiənt/,adj.,服从的；顺从的,medium,CET6
obligation,/ˌɒblɪˈɡeɪʃn/,n.,义务；责任,medium,CET6
obscure,/əbˈskjʊər/,adj.,模糊的；晦涩的；v. 掩盖,medium,CET6
obsolete,/ˈɒbsəliːt/,adj.,过时的；废弃的,medium,CET6
obstacle,/ˈɒbstəkl/,n.,障碍；阻碍,medium,CET6
obstruct,/əbˈstrʌkt/,v.,阻碍；阻塞,medium,CET6
odds,/ɒdz/,n.,可能性；几率；差额,medium,CET6
offend,/əˈfend/,v.,冒犯；得罪；违反,medium,CET6
offset,/ˈɒfset/,v.,抵消；补偿；n. 抵消,medium,CET6
offspring,/ˈɒfsprɪŋ/,n.,后代；子女,medium,CET6
ominous,/ˈɒmɪnəs/,adj.,不祥的；预兆的,medium,CET6
ongoing,/ˈɒnɡəʊɪŋ/,adj.,持续的；进行中的,medium,CET6
onset,/ˈɒnset/,n.,开始；发作,medium,CET6
opaque,/əʊˈpeɪk/,adj.,不透明的；晦涩的,medium,CET6
optimal,/ˈɒptɪml/,adj.,最佳的；最优的,medium,CET6
optimum,/ˈɒptɪməm/,n.,最佳状态；adj. 最佳的,medium,CET6
option,/ˈɒpʃn/,n.,选择；选项,easy,CET6
orient,/ˈɔːriənt/,v.,确定方向；使适应；n. 东方,medium,CET6
ornament,/ˈɔːnəmənt/,n.,装饰；装饰品；v. 装饰,medium,CET6
orthodox,/ˈɔːθədɒks/,adj.,正统的；传统的,medium,CET6
oust,/aʊst/,v.,驱逐；罢黜,medium,CET6
outbreak,/ˈaʊtbreɪk/,n.,爆发；突发,medium,CET6
outfit,/ˈaʊtfɪt/,n.,全套服装；装备；v. 装备,medium,CET6
outlet,/ˈaʊtlet/,n.,出口；经销店；发泄途径,medium,CET6
outrage,/ˈaʊtreɪdʒ/,n.,愤怒；暴行；v. 激怒,medium,CET6
overall,/ˌəʊvərˈɔːl/,adj.,总体的；adv. 总的来说,medium,CET6
overflow,/ˌəʊvəˈfləʊ/,v.,溢出；泛滥；n. 溢出,medium,CET6
overhear,/ˌəʊvəˈhɪər/,v.,无意中听到；偷听,medium,CET6
overlap,/ˌəʊvəˈlæp/,v.,重叠；n. 重叠部分,medium,CET6
overthrow,/ˌəʊvəˈθrəʊ/,v.,推翻；打倒,medium,CET6
overwhelm,/ˌəʊvəˈwelm/,v.,压倒；淹没；使不知所措,medium,CET6
oxide,/ˈɒksaɪd/,n.,氧化物,medium,CET6
ozone,/ˈəʊzəʊn/,n.,臭氧,medium,CET6
pact,/pækt/,n.,协定；条约,medium,CET6
paradox,/ˈpærədɒks/,n.,悖论；自相矛盾,medium,CET6
parameter,/pəˈræmɪtər/,n.,参数；界限,medium,CET6
parasite,/ˈpærəsaɪt/,n.,寄生虫；寄生者,medium,CET6
partial,/ˈpɑːʃl/,adj.,部分的；偏袒的,medium,CET6
participant,/pɑːˈtɪsɪpənt/,n.,参与者,medium,CET6
partition,/pɑːˈtɪʃn/,n.,隔断；分割；v. 分割,medium,CET6
pasture,/ˈpɑːstʃər/,n.,牧场；草地,medium,CET6
patent,/ˈpætnt/,n.,专利；v. 获得专利,medium,CET6
pathetic,/pəˈθetɪk/,adj.,可怜的；可悲的,medium,CET6
patriot,/ˈpætriət/,n.,爱国者,medium,CET6
patrol,/pəˈtrəʊl/,v.,巡逻；n. 巡逻队,medium,CET6
pave,/peɪv/,v.,铺路；为……铺平道路,medium,CET6
pedestrian,/pəˈdestriən/,n.,行人；adj. 步行的,medium,CET6
penalty,/ˈpenəlti/,n.,处罚；罚款；罚球,medium,CET6
pending,/ˈpendɪŋ/,adj.,待定的；未决的；prep. 在……期间,medium,CET6
penetrate,/ˈpenɪtreɪt/,v.,穿透；渗透；洞察,medium,CET6
perceive,/pəˈsiːv/,v.,感知；察觉；理解,medium,CET6
perfection,/pəˈfekʃn/,n.,完美；完善,medium,CET6
peril,/ˈperəl/,n.,危险；危难,medium,CET6
periodical,/ˌpɪəriˈɒdɪkl/,n.,期刊；adj. 定期的,medium,CET6
perpetual,/pəˈpetʃuəl/,adj.,永久的；长期的,medium,CET6
perplex,/pəˈpleks/,v.,使困惑；使复杂化,medium,CET6
persecute,/ˈpɜːsɪkjuːt/,v.,迫害；纠缠,medium,CET6
persevere,/ˌpɜːsɪˈvɪər/,v.,坚持；不屈不挠,medium,CET6
perspective,/pəˈspektɪv/,n.,观点；透视；视角,medium,CET6
pertinent,/ˈpɜːtɪnənt/,adj.,相关的；切题的,medium,CET6
petition,/pəˈtɪʃn/,n.,请愿书；v. 请愿,medium,CET6
petty,/ˈpeti/,adj.,琐碎的；小气的,medium,CET6
pharmacy,/ˈfɑːməsi/,n.,药房；药学,medium,CET6
pierce,/pɪəs/,v.,刺穿；穿透,medium,CET6
pillar,/ˈpɪlər/,n.,柱子；支柱,medium,CET6
pinch,/pɪntʃ/,v.,捏；夹痛；n. 一撮,medium,CET6
pirate,/ˈpaɪrət/,n.,海盗；盗版者,medium,CET6
plague,/pleɪɡ/,n.,瘟疫；灾害；v. 折磨,medium,CET6
plaster,/ˈplɑːstər/,n.,石膏；膏药；v. 抹灰,medium,CET6
plateau,/ˈplætəʊ/,n.,高原；稳定期,medium,CET6
plausible,/ˈplɔːzəbl/,adj.,貌似合理的；可信的,medium,CET6
plea,/pliː/,n.,恳求；抗辩,medium,CET6
plead,/pliːd/,v.,恳求；辩护；认罪,medium,CET6
plight,/plaɪt/,n.,困境；苦境,medium,CET6
plumber,/ˈplʌmər/,n.,水管工,medium,CET6
plunge,/plʌndʒ/,v.,投入；猛跌；n. 骤降,medium,CET6
poise,/pɔɪz/,n.,沉着；优雅；v. 使平衡,medium,CET6
ponder,/ˈpɒndər/,v.,沉思；考虑,medium,CET6
pope,/pəʊp/,n.,教皇,medium,CET6
porch,/pɔːtʃ/,n.,门廊；走廊,medium,CET6
portray,/pɔːˈtreɪ/,v.,描绘；扮演,medium,CET6
posterity,/pɒˈsterəti/,n.,后代；子孙,medium,CET6
potent,/ˈpəʊtnt/,adj.,强有力的；有效的,medium,CET6
practitioner,/prækˈtɪʃənər/,n.,从业者；执业医师,medium,CET6
preach,/priːtʃ/,v.,布道；宣扬；劝诫,medium,CET6
precede,/prɪˈsiːd/,v.,先于；在……之前,medium,CET6
predecessor,/ˈpriːdɪsesər/,n.,前任；前辈,medium,CET6
predominant,/prɪˈdɒmɪnənt/,adj.,占主导地位的；主要的,medium,CET6
preliminary,/prɪˈlɪmɪnəri/,adj.,初步的；预备的,medium,CET6
premise,/ˈpremɪs/,n.,前提；v. 以……为前提,medium,CET6
premium,/ˈpriːmiəm/,n.,保险费；溢价；adj. 优质的,medium,CET6
prescribe,/prɪˈskraɪb/,v.,开处方；规定,medium,CET6
preside,/prɪˈzaɪd/,v.,主持；掌管,medium,CET6
prestige,/preˈstiːʒ/,n.,声望；威望,medium,CET6
presumably,/prɪˈzjuːməbli/,adv.,大概；据推测,medium,CET6
pretext,/ˈpriːtekst/,n.,借口；托辞,medium,CET6
prevalent,/ˈprevələnt/,adj.,普遍的；流行的,medium,CET6
prey,/preɪ/,n.,猎物；v. 捕食,medium,CET6
primitive,/ˈprɪmətɪv/,adj.,原始的；简陋的,medium,CET6
prior,/ˈpraɪər/,adj.,先前的；优先的,medium,CET6
priority,/praɪˈɒrəti/,n.,优先事项；优先权,medium,CET6
privacy,/ˈprɪvəsi/,n.,隐私；私密,medium,CET6
probe,/prəʊb/,v.,探查；调查；n. 探针,medium,CET6
proclaim,/prəˈkleɪm/,v.,宣布；声明,medium,CET6
proficiency,/prəˈfɪʃnsi/,n.,熟练；精通,medium,CET6
profound,/prəˈfaʊnd/,adj.,深刻的；深远的,medium,CET6
prohibit,/prəˈhɪbɪt/,v.,禁止；阻止,medium,CET6
prolong,/prəˈlɒŋ/,v.,延长；拖延,medium,CET6
prominent,/ˈprɒmɪnənt/,adj.,突出的；著名的,medium,CET6
prompt,/prɒmpt/,v.,促使；提示；adj. 迅速的,medium,CET6
propel,/prəˈpel/,v.,推动；推进,medium,CET6
prophet,/ˈprɒfɪt/,n.,先知；预言者,medium,CET6
prose,/prəʊz/,n.,散文,medium,CET6
prosecute,/ˈprɒsɪkjuːt/,v.,起诉；控告,medium,CET6
prosper,/ˈprɒspər/,v.,繁荣；兴旺,medium,CET6
protest,/ˈprəʊtest/,n.,抗议；v. 抗议；反对,medium,CET6
prototype,/ˈprəʊtətaɪp/,n.,原型；样品,medium,CET6
provoke,/prəˈvəʊk/,v.,激起；挑衅；引发,medium,CET6
proximity,/prɒkˈsɪməti/,n.,接近；邻近,medium,CET6
prudent,/ˈpruːdnt/,adj.,谨慎的；精明的,medium,CET6
psychiatry,/saɪˈkaɪətri/,n.,精神病学,medium,CET6
pump,/pʌmp/,n.,泵；v. 抽水；灌输,medium,CET6
punch,/pʌntʃ/,v.,用拳猛击；打孔；n. 拳打,medium,CET6
qualitative,/ˈkwɒlɪtətɪv/,adj.,定性的；性质上的,medium,CET6
quantify,/ˈkwɒntɪfaɪ/,v.,量化；定量,medium,CET6
quartz,/kwɔːts/,n.,石英,medium,CET6
queer,/kwɪər/,adj.,奇怪的；可疑的,medium,CET6
quench,/kwentʃ/,v.,解渴；熄灭,medium,CET6
quest,/kwest/,n.,探索；寻求,medium,CET6
questionnaire,/ˌkwestʃəˈneər/,n.,问卷；调查表,medium,CET6
quiver,/ˈkwɪvər/,v.,颤抖；n. 颤动,medium,CET6
quota,/ˈkwəʊtə/,n.,配额；定额,medium,CET6
radiate,/ˈreɪdieɪt/,v.,辐射；散发,medium,CET6
radical,/ˈrædɪkl/,adj.,根本的；激进的；n. 激进分子,medium,CET6
raid,/reɪd/,n.,突袭；v. 袭击；搜查,medium,CET6
random,/ˈrændəm/,adj.,随机的；任意的,medium,CET6
rational,/ˈræʃnəl/,adj.,理性的；合理的,medium,CET6
realistic,/ˌriːəˈlɪstɪk/,adj.,现实的；逼真的,medium,CET6
reap,/riːp/,v.,收割；收获,medium,CET6
rebellion,/rɪˈbeljən/,n.,叛乱；反抗,medium,CET6
recede,/rɪˈsiːd/,v.,后退；逐渐远离,medium,CET6
recession,/rɪˈseʃn/,n.,经济衰退；萧条,medium,CET6
recipient,/rɪˈsɪpiənt/,n.,接受者；收件人,medium,CET6
reckless,/ˈrekləs/,adj.,鲁莽的；不顾后果的,medium,CET6
reckon,/ˈrekən/,v.,认为；估计；计算,medium,CET6
reclaim,/rɪˈkleɪm/,v.,开垦；收回；改造,medium,CET6
reconcile,/ˈrekənsaɪl/,v.,调和；和解；使一致,medium,CET6
recreation,/ˌrekriˈeɪʃn/,n.,娱乐；消遣,medium,CET6
recruit,/rɪˈkruːt/,v.,招募；招聘；n. 新兵,medium,CET6
rectify,/ˈrektɪfaɪ/,v.,纠正；矫正,medium,CET6
recur,/rɪˈkɜːr/,v.,复发；再次发生,medium,CET6
recycle,/ˌriːˈsaɪkl/,v.,回收利用；再循环,medium,CET6
redundant,/rɪˈdʌndənt/,adj.,多余的；冗长的；被裁员的,medium,CET6
refuge,/ˈrefjuːdʒ/,n.,避难所；庇护,medium,CET6
refund,/ˈriːfʌnd/,n.,退款；v. 退还,medium,CET6
refute,/rɪˈfjuːt/,v.,反驳；驳斥,medium,CET6
regime,/reɪˈʒiːm/,n.,政权；制度,medium,CET6
reign,/reɪn/,n.,统治；v. 统治；盛行,medium,CET6
reinforce,/ˌriːɪnˈfɔːs/,v.,加强；强化,medium,CET6
rejoice,/rɪˈdʒɔɪs/,v.,欣喜；高兴,medium,CET6
relay,/ˈriːleɪ/,n.,接力；中继；v. 转播；传递,medium,CET6
relish,/ˈrelɪʃ/,n.,享受；滋味；v. 享受,medium,CET6
remainder,/rɪˈmeɪndər/,n.,剩余部分；余数,medium,CET6
remnant,/ˈremnənt/,n.,残余；剩余,medium,CET6
renaissance,/rɪˈneɪsns/,n.,文艺复兴；复兴,medium,CET6
render,/ˈrendər/,v.,使成为；提供；渲染,medium,CET6
renew,/rɪˈnjuː/,v.,更新；续期；恢复,medium,CET6
renounce,/rɪˈnaʊns/,v.,宣布放弃；与……断绝关系,medium,CET6
renovate,/ˈrenəveɪt/,v.,翻新；修复,medium,CET6
repel,/rɪˈpel/,v.,击退；排斥；使反感,medium,CET6
repertoire,/ˈrepətwɑːr/,n.,全部剧目；保留节目,medium,CET6
repression,/rɪˈpreʃn/,n.,镇压；抑制,medium,CET6
reproach,/rɪˈprəʊtʃ/,v.,责备；n. 指责,medium,CET6
reproduce,/ˌriːprəˈdjuːs/,v.,繁殖；复制,medium,CET6
reptile,/ˈreptaɪl/,n.,爬行动物,medium,CET6
republican,/rɪˈpʌblɪkən/,adj.,共和国的；n. 共和党人,medium,CET6
resemblance,/rɪˈzembləns/,n.,相似；相像,medium,CET6
resemble,/rɪˈzembl/,v.,像；类似于,medium,CET6
resent,/rɪˈzent/,v.,怨恨；不满,medium,CET6
reside,/rɪˈzaɪd/,v.,居住；存在于,medium,CET6
resign,/rɪˈzaɪn/,v.,辞职；顺从,medium,CET6
resonance,/ˈrezənəns/,n.,共鸣；共振,medium,CET6
respectively,/rɪˈspektɪvli/,adv.,分别地；各自地,medium,CET6
restraint,/rɪˈstreɪnt/,n.,克制；约束,medium,CET6
resultant,/rɪˈzʌltənt/,adj.,因而发生的,medium,CET6
retail,/ˈriːteɪl/,n.,零售；v. 零售,medium,CET6
retain,/rɪˈteɪn/,v.,保留；保持,medium,CET6
retaliation,/rɪˌtæliˈeɪʃn/,n.,报复；反击,medium,CET6
retort,/rɪˈtɔːt/,v.,反驳；n. 反驳,medium,CET6
retrieve,/rɪˈtriːv/,v.,取回；检索；挽回,medium,CET6
retrospect,/ˈretrəspekt/,n.,回顾；追溯,medium,CET6
reunion,/ˌriːˈjuːniən/,n.,重聚；团聚,medium,CET6
revelation,/ˌrevəˈleɪʃn/,n.,揭示；启示；泄露,medium,CET6
revenge,/rɪˈvendʒ/,n.,报复；v. 复仇,medium,CET6
revert,/rɪˈvɜːt/,v.,恢复；回到,medium,CET6
revive,/rɪˈvaɪv/,v.,复苏；复兴；使苏醒,medium,CET6
revolt,/rɪˈvəʊlt/,v.,反抗；起义；n. 叛乱,medium,CET6
revolutionary,/ˌrevəˈluːʃənəri/,adj.,革命的；n. 革命者,medium,CET6
rhyme,/raɪm/,n.,韵；押韵；v. 押韵,medium,CET6
riddle,/ˈrɪdl/,n.,谜语；谜团,medium,CET6
rigid,/ˈrɪdʒɪd/,adj.,僵硬的；严格的,medium,CET6
rigorous,/ˈrɪɡərəs/,adj.,严格的；严谨的,medium,CET6
rim,/rɪm/,n.,边缘；轮辋,medium,CET6
riot,/ˈraɪət/,n.,暴乱；骚乱；v. 闹事,medium,CET6
rip,/rɪp/,v.,撕；扯；n. 裂口,medium,CET6
ritual,/ˈrɪtʃuəl/,n.,仪式；惯例；adj. 仪式的,medium,CET6
robust,/rəʊˈbʌst/,adj.,强健的；坚固的,medium,CET6
rot,/rɒt/,v.,腐烂；n. 腐烂,medium,CET6
rotate,/rəʊˈteɪt/,v.,旋转；轮流,medium,CET6
rotten,/ˈrɒtn/,adj.,腐烂的；糟糕的,medium,CET6
roughly,/ˈrʌfli/,adv.,大约；粗略地；粗暴地,medium,CET6
rouse,/raʊz/,v.,唤醒；激起,medium,CET6
royalty,/ˈrɔɪəlti/,n.,皇室；版税,medium,CET6
rubble,/ˈrʌbl/,n.,瓦砾；碎石,medium,CET6
rug,/rʌɡ/,n.,小地毯,medium,CET6
rumor,/ˈruːmər/,n.,谣言；传闻,medium,CET6
rupture,/ˈrʌptʃər/,n.,破裂；决裂；v. 破裂,medium,CET6
sacred,/ˈseɪkrɪd/,adj.,神圣的；宗教的,medium,CET6
safeguard,/ˈseɪfɡɑːd/,v.,保护；捍卫；n. 保护措施,medium,CET6
saint,/seɪnt/,n.,圣人；圣徒,medium,CET6
sanction,/ˈsæŋkʃn/,n.,制裁；批准；v. 批准,medium,CET6
sane,/seɪn/,adj.,神志正常的；理智的,medium,CET6
sarcastic,/sɑːˈkæstɪk/,adj.,讽刺的；挖苦的,medium,CET6
saturate,/ˈsætʃəreɪt/,v.,使饱和；浸透,medium,CET6
savage,/ˈsævɪdʒ/,adj.,野蛮的；凶残的；n. 野蛮人,medium,CET6
scandal,/ˈskændl/,n.,丑闻；流言蜚语,medium,CET6
scarce,/skeəs/,adj.,稀缺的；不足的,medium,CET6
scatter,/ˈskætər/,v.,散开；撒,medium,CET6
scenario,/səˈnɑːriəʊ/,n.,情景；方案,medium,CET6
scent,/sent/,n.,气味；香味；v. 闻到,medium,CET6
sceptical,/ˈskeptɪkl/,adj.,怀疑的；持怀疑态度的,medium,CET6
scorn,/skɔːn/,n.,轻蔑；v. 鄙视,medium,CET6
scrap,/skræp/,n.,碎片；废料；v. 废弃,medium,CET6
scrape,/skreɪp/,v.,刮；擦；n. 擦伤,medium,CET6
scratch,/skrætʃ/,v.,抓；挠；划；n. 划痕,medium,CET6
screw,/skruː/,n.,螺丝；v. 拧紧,medium,CET6
scrutiny,/ˈskruːtəni/,n.,仔细审查；详细检查,medium,CET6
sculpture,/ˈskʌlptʃər/,n.,雕塑；雕刻品,medium,CET6
seam,/siːm/,n.,接缝；煤层,medium,CET6
segregate,/ˈseɡrɪɡeɪt/,v.,隔离；分开,medium,CET6
seminar,/ˈsemɪnɑːr/,n.,研讨会；研讨班,medium,CET6
senate,/ˈsenət/,n.,参议院；元老院,medium,CET6
sensation,/senˈseɪʃn/,n.,感觉；轰动,medium,CET6
sequence,/ˈsiːkwəns/,n.,顺序；序列；一系列,medium,CET6
sergeant,/ˈsɑːdʒənt/,n.,中士；警官,medium,CET6
serial,/ˈsɪəriəl/,adj.,连续的；n. 系列剧,medium,CET6
setback,/ˈsetbæk/,n.,挫折；倒退,medium,CET6
shabby,/ˈʃæbi/,adj.,破旧的；衣衫褴褛的,medium,CET6
shaft,/ʃɑːft/,n.,轴；柄；矿井,medium,CET6
shark,/ʃɑːk/,n.,鲨鱼；骗子,medium,CET6
shatter,/ˈʃætər/,v.,粉碎；打碎；使震惊,medium,CET6
sheer,/ʃɪər/,adj.,完全的；陡峭的；薄透的,medium,CET6
shelter,/ˈʃeltər/,n.,庇护所；v. 庇护,medium,CET6
shield,/ʃiːld/,n.,盾牌；保护；v. 保护,medium,CET6
shipment,/ˈʃɪpmənt/,n.,装运；货物,medium,CET6
shrewd,/ʃruːd/,adj.,精明的；敏锐的,medium,CET6
shrink,/ʃrɪŋk/,v.,收缩；缩小；退缩,medium,CET6
shrub,/ʃrʌb/,n.,灌木,medium,CET6
shutter,/ˈʃʌtər/,n.,百叶窗；快门,medium,CET6
siege,/siːdʒ/,n.,围攻；围困,medium,CET6
signify,/ˈsɪɡnɪfaɪ/,v.,表示；意味着,medium,CET6
silicon,/ˈsɪlɪkən/,n.,硅,medium,CET6
skeleton,/ˈskelɪtn/,n.,骨骼；骨架；框架,medium,CET6
skim,/skɪm/,v.,掠过；略读；撇去,medium,CET6
slack,/slæk/,adj.,松弛的；懈怠的；n. 闲散,medium,CET6
slash,/slæʃ/,v.,猛砍；削减；n. 斜线,medium,CET6
slaughter,/ˈslɔːtər/,n.,屠杀；v. 屠宰,medium,CET6
slender,/ˈslendər/,adj.,苗条的；细长的；微薄的,medium,CET6
slippery,/ˈslɪpəri/,adj.,滑的；狡猾的,medium,CET6
slot,/slɒt/,n.,狭槽；时间段；v. 插入,medium,CET6
slump,/slʌmp/,v.,暴跌；萎靡；n. 衰退,medium,CET6
smash,/smæʃ/,v.,打碎；猛击；n. 粉碎,medium,CET6
smuggle,/ˈsmʌɡl/,v.,走私；偷运,medium,CET6
snap,/snæp/,v.,折断；猛咬；拍照；n. 快照,medium,CET6
soak,/səʊk/,v.,浸泡；渗透,medium,CET6
sober,/ˈsəʊbər/,adj.,清醒的；严肃的；v. 使清醒,medium,CET6
so-called,/ˈsəʊˈkɔːld/,adj.,所谓的；号称的,medium,CET6
sociology,/ˌsəʊsiˈɒlədʒi/,n.,社会学,medium,CET6
sodium,/ˈsəʊdiəm/,n.,钠,medium,CET6
sole,/səʊl/,adj.,唯一的；单独的；n. 鞋底,medium,CET6
solicit,/səˈlɪsɪt/,v.,请求；征求；招揽,medium,CET6
solitary,/ˈsɒlətri/,adj.,独自的；孤独的；唯一的,medium,CET6
sovereign,/ˈsɒvrɪn/,n.,君主；adj. 具有主权的,medium,CET6
spacious,/ˈspeɪʃəs/,adj.,宽敞的；广阔的,medium,CET6
spark,/spɑːk/,n.,火花；v. 激发；触发,medium,CET6
sparkle,/ˈspɑːkl/,v.,闪耀；闪烁,medium,CET6
spatial,/ˈspeɪʃl/,adj.,空间的；立体的,medium,CET6
specialty,/ˈspeʃəlti/,n.,专业；特长；特产,medium,CET6
specimen,/ˈspesɪmən/,n.,标本；样品,medium,CET6
spectacle,/ˈspektəkl/,n.,景象；奇观；眼镜,medium,CET6
spectator,/spekˈteɪtər/,n.,观众；旁观者,medium,CET6
spectrum,/ˈspektrəm/,n.,光谱；范围,medium,CET6
speculate,/ˈspekjuleɪt/,v.,推测；投机,medium,CET6
spice,/spaɪs/,n.,香料；调味品；趣味,medium,CET6
spill,/spɪl/,v.,溢出；洒落；n. 溢出,medium,CET6
spin,/spɪn/,v.,旋转；纺；n. 旋转,medium,CET6
spine,/spaɪn/,n.,脊柱；书脊,medium,CET6
spiral,/ˈspaɪrəl/,n.,螺旋；v. 盘旋上升或下降,medium,CET6
splash,/splæʃ/,v.,溅；泼；n. 飞溅声,medium,CET6
spontaneous,/spɒnˈteɪniəs/,adj.,自发的；自然的,medium,CET6
spouse,/spaʊz/,n.,配偶,medium,CET6
spray,/spreɪ/,n.,喷雾；v. 喷洒,medium,CET6
sprout,/spraʊt/,v.,发芽；n. 新芽,medium,CET6
stab,/stæb/,v.,刺；捅；n. 刺伤,medium,CET6
stability,/stəˈbɪləti/,n.,稳定；稳固,medium,CET6
stagger,/ˈstæɡər/,v.,蹒跚；使震惊；错开,medium,CET6
stain,/steɪn/,n.,污渍；v. 弄脏；染色,medium,CET6
stake,/steɪk/,n.,桩；股份；赌注；v. 下注,medium,CET6
stale,/steɪl/,adj.,不新鲜的；陈腐的,medium,CET6
stall,/stɔːl/,n.,货摊；失速；v. 拖延,medium,CET6
staple,/ˈsteɪpl/,n.,主食；订书钉；adj. 主要的,medium,CET6
startle,/ˈstɑːtl/,v.,使吃惊；使吓一跳,medium,CET6
starve,/stɑːv/,v.,挨饿；饿死,medium,CET6
static,/ˈstætɪk/,adj.,静止的；静态的；n. 静电,medium,CET6
stationary,/ˈsteɪʃənri/,adj.,固定的；静止的,medium,CET6
statistics,/stəˈtɪstɪks/,n.,统计数据；统计学,medium,CET6
statue,/ˈstætʃuː/,n.,雕像；塑像,medium,CET6
steer,/stɪər/,v.,驾驶；引导,medium,CET6
stem,/stem/,n.,茎；词干；v. 阻止,medium,CET6
stern,/stɜːn/,adj.,严厉的；n. 船尾,medium,CET6
steward,/ˈstjuːəd/,n.,乘务员；管理员,medium,CET6
sticky,/ˈstɪki/,adj.,黏的；棘手的,medium,CET6
stimulus,/ˈstɪmjələs/,n.,刺激物；促进因素,medium,CET6
stitch,/stɪtʃ/,n.,针脚；v. 缝,medium,CET6
stool,/stuːl/,n.,凳子,medium,CET6
stoop,/stuːp/,v.,弯腰；屈尊；n. 门廊,medium,CET6
straightforward,/ˌstreɪtˈfɔːwəd/,adj.,简单的；直率的,medium,CET6
strand,/strænd/,n.,股；一缕；v. 使搁浅,medium,CET6
stray,/streɪ/,v.,走失；偏离；adj. 走失的,medium,CET6
streamline,/ˈstriːmlaɪn/,v.,使流线型；精简,medium,CET6
strenuous,/ˈstrenjuəs/,adj.,费力的；艰苦的,medium,CET6
stride,/straɪd/,v.,大步走；n. 大步；进展,medium,CET6
stripe,/straɪp/,n.,条纹；斑纹,medium,CET6
strive,/straɪv/,v.,努力；奋斗；力争,medium,CET6
stroll,/strəʊl/,v.,散步；闲逛；n. 漫步,medium,CET6
stubborn,/ˈstʌbən/,adj.,顽固的；倔强的,medium,CET6
studio,/ˈstjuːdiəʊ/,n.,工作室；录音室,medium,CET6
stumble,/ˈstʌmbl/,v.,绊倒；踉跄；结巴,medium,CET6
stun,/stʌn/,v.,使震惊；使昏迷,medium,CET6
sturdy,/ˈstɜːdi/,adj.,结实的；坚固的,medium,CET6
subjective,/səbˈdʒektɪv/,adj.,主观的,medium,CET6
submarine,/ˌsʌbməˈriːn/,n.,潜艇；adj. 水下的,medium,CET6
submerge,/səbˈmɜːdʒ/,v.,浸没；淹没,medium,CET6
subordinate,/səˈbɔːdɪnət/,adj.,从属的；n. 下级,medium,CET6
subscribe,/səbˈskraɪb/,v.,订阅；同意,medium,CET6
subsequent,/ˈsʌbsɪkwənt/,adj.,随后的；后来的,medium,CET6
subsidy,/ˈsʌbsədi/,n.,补贴；津贴,medium,CET6
subtle,/ˈsʌtl/,adj.,微妙的；敏锐的；精细的,medium,CET6
subtract,/səbˈtrækt/,v.,减去；扣除,medium,CET6
suburb,/ˈsʌbɜːb/,n.,郊区；城郊,medium,CET6
successive,/səkˈsesɪv/,adj.,连续的；相继的,medium,CET6
sue,/suː/,v.,起诉；控告,medium,CET6
suite,/swiːt/,n.,套房；一套,medium,CET6
sulfur,/ˈsʌlfər/,n.,硫；硫磺,medium,CET6
summon,/ˈsʌmən/,v.,召唤；传唤；鼓起,medium,CET6
superb,/suːˈpɜːb/,adj.,极好的；出色的,medium,CET6
superficial,/ˌsuːpəˈfɪʃl/,adj.,肤浅的；表面的,medium,CET6
superiority,/suːˌpɪəriˈɒrəti/,n.,优越；优势,medium,CET6
supersonic,/ˌsuːpəˈsɒnɪk/,adj.,超音速的,medium,CET6
superstition,/ˌsuːpəˈstɪʃn/,n.,迷信,medium,CET6
supervise,/ˈsuːpəvaɪz/,v.,监督；管理,medium,CET6
supplement,/ˈsʌplɪmənt/,n.,补充；增刊；v. 补充,medium,CET6
suppress,/səˈpres/,v.,镇压；抑制；隐瞒,medium,CET6
supreme,/suːˈpriːm/,adj.,最高的；至上的,medium,CET6
surge,/sɜːdʒ/,n.,激增；汹涌；v. 激增,medium,CET6
surpass,/səˈpɑːs/,v.,超过；超越,medium,CET6
surplus,/ˈsɜːpləs/,n.,剩余；盈余；adj. 过剩的,medium,CET6
surrender,/səˈrendər/,v.,投降；屈服；交出,medium,CET6
susceptible,/səˈseptəbl/,adj.,易受影响的；敏感的,medium,CET6
suspend,/səˈspend/,v.,暂停；悬挂；推迟,medium,CET6
suspicious,/səˈspɪʃəs/,adj.,可疑的；怀疑的,medium,CET6
swamp,/swɒmp/,n.,沼泽；v. 淹没；使应接不暇,medium,CET6
swarm,/swɔːm/,n.,蜂群；一大群；v. 蜂拥,medium,CET6
sway,/sweɪ/,v.,摇摆；影响；n. 影响,medium,CET6
swell,/swel/,v.,膨胀；肿胀；n. 高涨,medium,CET6
swift,/swɪft/,adj.,迅速的；敏捷的,medium,CET6
swing,/swɪŋ/,v.,摆动；旋转；n. 秋千,medium,CET6
switch,/swɪtʃ/,n.,开关；v. 转换；交换,medium,CET6
symbolic,/sɪmˈbɒlɪk/,adj.,象征性的；符号的,medium,CET6
symmetry,/ˈsɪmətri/,n.,对称；匀称,medium,CET6
symphony,/ˈsɪmfəni/,n.,交响乐；交响曲,medium,CET6
symposium,/sɪmˈpəʊziəm/,n.,研讨会；专题讨论会,medium,CET6
syndrome,/ˈsɪndrəʊm/,n.,综合征；症候群,medium,CET6
synthesis,/ˈsɪnθəsɪs/,n.,综合；合成,medium,CET6
systematic,/ˌsɪstəˈmætɪk/,adj.,系统的；有条理的,medium,CET6
tackle,/ˈtækl/,v.,处理；解决；n. 用具,medium,CET6
tactic,/ˈtæktɪk/,n.,策略；战术,medium,CET6
tangle,/ˈtæŋɡl/,n.,纠缠；混乱；v. 缠结,medium,CET6
tariff,/ˈtærɪf/,n.,关税；价目表,medium,CET6
tease,/tiːz/,v.,取笑；逗弄,medium,CET6
tedious,/ˈtiːdiəs/,adj.,乏味的；冗长的,medium,CET6
temper,/ˈtempər/,n.,脾气；情绪；v. 使缓和,medium,CET6
temperament,/ˈtemprəmənt/,n.,气质；性情,medium,CET6
tempo,/ˈtempəʊ/,n.,节奏；速度,medium,CET6
tempt,/tempt/,v.,引诱；诱惑,medium,CET6
tenant,/ˈtenənt/,n.,房客；租户,medium,CET6
tentative,/ˈtentətɪv/,adj.,试探性的；暂定的,medium,CET6
terminate,/ˈtɜːmɪneɪt/,v.,终止；结束,medium,CET6
terrific,/təˈrɪfɪk/,adj.,极好的；可怕的,medium,CET6
terrify,/ˈterɪfaɪ/,v.,使恐惧；恐吓,medium,CET6
territory,/ˈterətri/,n.,领土；领域；范围,medium,CET6
testify,/ˈtestɪfaɪ/,v.,作证；证明,medium,CET6
testimony,/ˈtestɪməni/,n.,证词；证明,medium,CET6
texture,/ˈtekstʃər/,n.,质地；纹理,medium,CET6
thereby,/ˌðeəˈbaɪ/,adv.,因此；由此,medium,CET6
thermal,/ˈθɜːml/,adj.,热的；热量的,medium,CET6
thesis,/ˈθiːsɪs/,n.,论文；论点,medium,CET6
thorn,/θɔːn/,n.,刺；荆棘,medium,CET6
thorough,/ˈθʌrə/,adj.,彻底的；详尽的,medium,CET6
threshold,/ˈθreʃhəʊld/,n.,门槛；临界点,medium,CET6
thrill,/θrɪl/,n.,兴奋；激动；v. 使兴奋,medium,CET6
thrive,/θraɪv/,v.,兴旺；茁壮成长,medium,CET6
tick,/tɪk/,n.,滴答声；勾号；v. 发出滴答声,medium,CET6
tile,/taɪl/,n.,瓷砖；瓦片；v. 铺瓦,medium,CET6
tilt,/tɪlt/,v.,倾斜；n. 倾斜,medium,CET6
timber,/ˈtɪmbər/,n.,木材；木料,medium,CET6
timid,/ˈtɪmɪd/,adj.,胆小的；羞怯的,medium,CET6
toast,/təʊst/,n.,烤面包；祝酒；v. 为……干杯,medium,CET6
token,/ˈtəʊkən/,n.,代币；象征；票券,medium,CET6
tolerate,/ˈtɒləreɪt/,v.,容忍；忍受,medium,CET6
torrent,/ˈtɒrənt/,n.,激流；洪流,medium,CET6
torture,/ˈtɔːtʃər/,n.,酷刑；折磨；v. 折磨,medium,CET6
toss,/tɒs/,v.,抛；掷；摇动,medium,CET6
tow,/təʊ/,v.,拖；牵引；n. 拖带,medium,CET6
trace,/treɪs/,v.,追踪；追溯；n. 痕迹,medium,CET6
track,/træk/,n.,轨道；跑道；v. 追踪,medium,CET6
tract,/trækt/,n.,大片土地；道；短文,medium,CET6
tragedy,/ˈtrædʒədi/,n.,悲剧；惨案,medium,CET6
trait,/treɪt/,n.,特征；特点,medium,CET6
transaction,/trænˈzækʃn/,n.,交易；业务,medium,CET6
transcend,/trænˈsend/,v.,超越；胜过,medium,CET6
transient,/ˈtrænziənt/,adj.,短暂的；临时的,medium,CET6
transit,/ˈtrænzɪt/,n.,运输；过境,medium,CET6
transition,/trænˈzɪʃn/,n.,过渡；转变,medium,CET6
transplant,/trænsˈplɑːnt/,v.,移植；迁移,medium,CET6
traverse,/trəˈvɜːs/,v.,横穿；横越,medium,CET6
treason,/ˈtriːzn/,n.,叛国；背叛,medium,CET6
treasury,/ˈtreʒəri/,n.,财政部；国库,medium,CET6
trench,/trentʃ/,n.,沟渠；战壕,medium,CET6
tribute,/ˈtrɪbjuːt/,n.,贡品；致敬；颂词,medium,CET6
trifle,/ˈtraɪfl/,n.,小事；琐事；v. 轻视,medium,CET6
trigger,/ˈtrɪɡər/,n.,扳机；触发器；v. 引发,medium,CET6
triple,/ˈtrɪpl/,adj.,三倍的；v. 使成三倍,medium,CET6
trivial,/ˈtrɪviəl/,adj.,琐碎的；不重要的,medium,CET6
tropic,/ˈtrɒpɪk/,n.,热带地区；回归线,medium,CET6
troupe,/truːp/,n.,剧团；歌舞团,medium,CET6
trumpet,/ˈtrʌmpɪt/,n.,小号；喇叭,medium,CET6
trustee,/trʌˈstiː/,n.,受托人；理事,medium,CET6
tub,/tʌb/,n.,浴缸；桶,medium,CET6
tuck,/tʌk/,v.,把……塞进；卷起,medium,CET6
tuition,/tjuˈɪʃn/,n.,学费；教学,medium,CET6
tumble,/ˈtʌmbl/,v.,跌倒；翻滚；暴跌,medium,CET6
turbulent,/ˈtɜːbjələnt/,adj.,动荡的；汹涌的,medium,CET6
turnover,/ˈtɜːnəʊvər/,n.,营业额；人员流动,medium,CET6
twist,/twɪst/,v.,扭曲；缠绕；n. 转折,medium,CET6
tyranny,/ˈtɪrəni/,n.,暴政；专制,medium,CET6
ultraviolet,/ˌʌltrəˈvaɪələt/,adj.,紫外线的,medium,CET6
unanimous,/juˈnænɪməs/,adj.,一致同意的,medium,CET6
underestimate,/ˌʌndərˈestɪmeɪt/,v.,低估；看轻,medium,CET6
undergraduate,/ˌʌndəˈɡrædʒuət/,n.,本科生,medium,CET6
underline,/ˌʌndəˈlaɪn/,v.,在……下划线；强调,medium,CET6
underlying,/ˌʌndəˈlaɪɪŋ/,adj.,潜在的；根本的,medium,CET6
undermine,/ˌʌndəˈmaɪn/,v.,削弱；逐渐损害,medium,CET6
unemployment,/ˌʌnɪmˈplɔɪmənt/,n.,失业；失业率,medium,CET6
unfold,/ʌnˈfəʊld/,v.,展开；展现,medium,CET6
unify,/ˈjuːnɪfaɪ/,v.,统一；使一致,medium,CET6
unlikely,/ʌnˈlaɪkli/,adj.,不太可能的,medium,CET6
unload,/ˌʌnˈləʊd/,v.,卸货；卸载,medium,CET6
uphold,/ʌpˈhəʊld/,v.,支持；维护；举起,medium,CET6
upright,/ˈʌpraɪt/,adj.,直立的；正直的,medium,CET6
upset,/ʌpˈset/,v.,使不安；打乱；adj. 难过的,medium,CET6
uranium,/juˈreɪniəm/,n.,铀,medium,CET6
utmost,/ˈʌtməʊst/,adj.,极度的；n. 最大限度,medium,CET6
vaccine,/ˈvæksiːn/,n.,疫苗,medium,CET6
vague,/veɪɡ/,adj.,模糊的；含糊的,medium,CET6
validity,/vəˈlɪdəti/,n.,有效性；合法性,medium,CET6
valve,/vælv/,n.,阀门；瓣膜,medium,CET6
van,/væn/,n.,厢式货车；先锋,medium,CET6
vanish,/ˈvænɪʃ/,v.,消失；突然不见,medium,CET6
vanity,/ˈvænəti/,n.,虚荣；自负,medium,CET6
vapor,/ˈveɪpər/,n.,蒸汽；水汽,medium,CET6
variable,/ˈveəriəbl/,adj.,可变的；n. 变量,medium,CET6
vegetation,/ˌvedʒəˈteɪʃn/,n.,植被；植物,medium,CET6
veil,/veɪl/,n.,面纱；遮盖物；v. 遮掩,medium,CET6
vein,/veɪn/,n.,静脉；叶脉；矿脉,medium,CET6
velocity,/vəˈlɒsəti/,n.,速度；速率,medium,CET6
ventilate,/ˈventɪleɪt/,v.,使通风；公开讨论,medium,CET6
verbal,/ˈvɜːbl/,adj.,口头的；言语的；动词的,medium,CET6
verdict,/ˈvɜːdɪkt/,n.,裁决；定论,medium,CET6
verge,/vɜːdʒ/,n.,边缘；v. 濒临,medium,CET6
verify,/ˈverɪfaɪ/,v.,核实；验证,medium,CET6
versatile,/ˈvɜːsətaɪl/,adj.,多才多艺的；多用途的,medium,CET6
verse,/vɜːs/,n.,诗；韵文,medium,CET6
veteran,/ˈvetərən/,n.,老兵；老手；adj. 经验丰富的,medium,CET6
veto,/ˈviːtəʊ/,n.,否决权；v. 否决,medium,CET6
vibrate,/vaɪˈbreɪt/,v.,振动；颤动,medium,CET6
vicious,/ˈvɪʃəs/,adj.,恶毒的；凶残的,medium,CET6
vigorous,/ˈvɪɡərəs/,adj.,有力的；精力充沛的,medium,CET6
villain,/ˈvɪlən/,n.,恶棍；反派,medium,CET6
violate,/ˈvaɪəleɪt/,v.,违反；侵犯,medium,CET6
violet,/ˈvaɪələt/,n.,紫罗兰；adj. 紫色的,medium,CET6
virgin,/ˈvɜːdʒɪn/,n.,处女；adj. 未开发的,medium,CET6
virtual,/ˈvɜːtʃuəl/,adj.,虚拟的；实际上的,medium,CET6
virus,/ˈvaɪrəs/,n.,病毒,medium,CET6
visa,/ˈviːzə/,n.,签证,medium,CET6
visual,/ˈvɪʒuəl/,adj.,视觉的；可见的,medium,CET6
vocation,/vəʊˈkeɪʃn/,n.,职业；天职,medium,CET6
vulnerable,/ˈvʌlnərəbl/,adj.,脆弱的；易受伤的,medium,CET6
wallet,/ˈwɒlɪt/,n.,钱包,medium,CET6
wander,/ˈwɒndər/,v.,漫步；徘徊；走神,medium,CET6
warehouse,/ˈweəhaʊs/,n.,仓库；货栈,medium,CET6
warfare,/ˈwɔːfeər/,n.,战争；冲突,medium,CET6
warrant,/ˈwɒrənt/,n.,授权令；v. 保证；证明正当,medium,CET6
waterproof,/ˈwɔːtəpruːf/,adj.,防水的,medium,CET6
weary,/ˈwɪəri/,adj.,疲倦的；厌倦的,medium,CET6
weave,/wiːv/,v.,编织；编造,medium,CET6
wedge,/wedʒ/,n.,楔子；v. 楔入,medium,CET6
weird,/wɪəd/,adj.,古怪的；离奇的,medium,CET6
whereby,/weəˈbaɪ/,adv.,借以；凭此,medium,CET6
whirl,/wɜːl/,v.,旋转；n. 旋转,medium,CET6
wholesome,/ˈhəʊlsəm/,adj.,有益健康的；健全的,medium,CET6
wholly,/ˈhəʊlli/,adv.,完全地；全部地,medium,CET6
wicked,/ˈwɪkɪd/,adj.,邪恶的；淘气的,medium,CET6
widespread,/ˈwaɪdspred/,adj.,广泛的；普遍的,medium,CET6
width,/wɪdθ/,n.,宽度；广度,medium,CET6
wield,/wiːld/,v.,行使；挥舞,medium,CET6
withhold,/wɪðˈhəʊld/,v.,扣留；抑制,medium,CET6
workshop,/ˈwɜːkʃɒp/,n.,车间；研讨会,medium,CET6
worship,/ˈwɜːʃɪp/,v.,崇拜；敬奉；n. 礼拜,medium,CET6
worthwhile,/ˌwɜːθˈwaɪl/,adj.,值得做的,medium,CET6
wrap,/ræp/,v.,包裹；缠绕；n. 包装材料,medium,CET6
wreck,/rek/,n.,失事；残骸；v. 破坏,medium,CET6
wrench,/rentʃ/,n.,扳手；扭伤；v. 猛扭,medium,CET6
wrinkle,/ˈrɪŋkl/,n.,皱纹；v. 起皱,medium,CET6
abnormal,/æbˈnɔːml/,adj.,反常的；异常的,medium,KAOYAN
abound,/əˈbaʊnd/,v.,大量存在；富于,medium,KAOYAN
abridge,/əˈbrɪdʒ/,v.,删节；缩短,medium,KAOYAN
abruptly,/əˈbrʌptli/,adv.,突然地；唐突地,medium,KAOYAN
absorption,/əbˈzɔːpʃn/,n.,吸收；专注,medium,KAOYAN
abstain,/əbˈsteɪn/,v.,戒除；弃权,medium,KAOYAN
absurdity,/əbˈsɜːdəti/,n.,荒谬；荒唐,medium,KAOYAN
abundance,/əˈbʌndəns/,n.,丰富；充裕,medium,KAOYAN
academician,/əˌkædəˈmɪʃn/,n.,院士；学会会员,medium,KAOYAN
accessible,/əkˈsesəbl/,adj.,可接近的；可获得的,medium,KAOYAN
acclaim,/əˈkleɪm/,v.,称赞；欢呼；n. 赞扬,medium,KAOYAN
accountability,/əˌkaʊntəˈbɪləti/,n.,问责；责任,medium,KAOYAN
acknowledgement,/əkˈnɒlɪdʒmənt/,n.,承认；感谢,medium,KAOYAN
acquiesce,/ˌækwiˈes/,v.,默许；勉强同意,medium,KAOYAN
acquisition,/ˌækwɪˈzɪʃn/,n.,获得；收购,medium,KAOYAN
acuity,/əˈkjuːəti/,n.,敏锐；尖锐,medium,KAOYAN
adaptation,/ˌædæpˈteɪʃn/,n.,适应；改编,medium,KAOYAN
addictive,/əˈdɪktɪv/,adj.,使人上瘾的,medium,KAOYAN
adherence,/ədˈhɪərəns/,n.,坚持；遵守,medium,KAOYAN
admonish,/ədˈmɒnɪʃ/,v.,告诫；劝告,medium,KAOYAN
adolescence,/ˌædəˈlesns/,n.,青春期,medium,KAOYAN
advent,/ˈædvent/,n.,到来；出现,medium,KAOYAN
adversary,/ˈædvəsəri/,n.,对手；敌手,medium,KAOYAN
affection,/əˈfekʃn/,n.,喜爱；感情,medium,KAOYAN
affiliate,/əˈfɪlieɪt/,v.,使隶属；n. 分支机构,medium,KAOYAN
affirm,/əˈfɜːm/,v.,断言；肯定；证实,medium,KAOYAN
agitation,/ˌædʒɪˈteɪʃn/,n.,焦虑；鼓动,medium,KAOYAN
ailment,/ˈeɪlmənt/,n.,小病；不适,medium,KAOYAN
albeit,/ɔːlˈbiːɪt/,conj.,虽然；尽管,medium,KAOYAN
alienate,/ˈeɪliəneɪt/,v.,使疏远；离间,medium,KAOYAN
allegiance,/əˈliːdʒəns/,n.,忠诚；效忠,medium,KAOYAN
allergy,/ˈælədʒi/,n.,过敏；过敏症,medium,KAOYAN
alliance,/əˈlaɪəns/,n.,联盟；结盟,medium,KAOYAN
altruistic,/ˌæltruˈɪstɪk/,adj.,利他的；无私的,medium,KAOYAN
amend,/əˈmend/,v.,修改；修正；改进,medium,KAOYAN
anecdote,/ˈænɪkdəʊt/,n.,轶事；趣闻,medium,KAOYAN
anguish,/ˈæŋɡwɪʃ/,n.,极度痛苦；苦恼,medium,KAOYAN
animate,/ˈænɪmeɪt/,v.,使有生气；adj. 有生命的,medium,KAOYAN
annihilate,/əˈnaɪəleɪt/,v.,歼灭；彻底消灭,medium,KAOYAN
antagonism,/ænˈtæɡənɪzəm/,n.,对抗；敌对,medium,KAOYAN
antiquity,/ænˈtɪkwəti/,n.,古代；古物,medium,KAOYAN
appalling,/əˈpɔːlɪŋ/,adj.,骇人的；糟糕的,medium,KAOYAN
appease,/əˈpiːz/,v.,安抚；缓和,medium,KAOYAN
apprehension,/ˌæprɪˈhenʃn/,n.,忧虑；理解；逮捕,medium,KAOYAN
archaic,/ɑːˈkeɪɪk/,adj.,古旧的；过时的,medium,KAOYAN
arduous,/ˈɑːdjuəs/,adj.,艰巨的；费力的,medium,KAOYAN
arrogant,/ˈærəɡənt/,adj.,傲慢的；自大的,medium,KAOYAN
articulate,/ɑːˈtɪkjuleɪt/,v.,清楚表达；adj. 口齿伶俐的,medium,KAOYAN
ascendancy,/əˈsendənsi/,n.,优势；支配地位,medium,KAOYAN
assent,/əˈsent/,n.,同意；v. 同意,medium,KAOYAN
assorted,/əˈsɔːtɪd/,adj.,各种各样的；混杂的,medium,KAOYAN
astound,/əˈstaʊnd/,v.,使震惊,medium,KAOYAN
astray,/əˈstreɪ/,adv.,迷路；入歧途,medium,KAOYAN
attribute,/əˈtrɪbjuːt/,v.,归因于；n. 属性,medium,KAOYAN
audacity,/ɔːˈdæsəti/,n.,大胆；厚颜,medium,KAOYAN
augment,/ɔːɡˈment/,v.,增加；扩大,medium,KAOYAN
authenticity,/ˌɔːθenˈtɪsəti/,n.,真实性；可靠性,medium,KAOYAN
avert,/əˈvɜːt/,v.,避免；转移,medium,KAOYAN
aviation,/ˌeɪviˈeɪʃn/,n.,航空；飞行术,medium,KAOYAN
awry,/əˈraɪ/,adj.,出错的；扭曲的,medium,KAOYAN
axiom,/ˈæksiəm/,n.,公理；原理,medium,KAOYAN
ballot,/ˈbælət/,n.,投票；选票,medium,KAOYAN
banish,/ˈbænɪʃ/,v.,放逐；驱逐,medium,KAOYAN
basin,/ˈbeɪsn/,n.,盆地；水盆,medium,KAOYAN
belligerent,/bəˈlɪdʒərənt/,adj.,好战的；好斗的,medium,KAOYAN
beneficiary,/ˌbenɪˈfɪʃəri/,n.,受益人；受惠者,medium,KAOYAN
benevolent,/bəˈnevələnt/,adj.,仁慈的；慈善的,medium,KAOYAN
besiege,/bɪˈsiːdʒ/,v.,围攻；围困,medium,KAOYAN
bias,/ˈbaɪəs/,n.,偏见；v. 使有偏见,medium,KAOYAN
biography,/baɪˈɒɡrəfi/,n.,传记,medium,KAOYAN
bleak,/bliːk/,adj.,荒凉的；黯淡的,medium,KAOYAN
blunder,/ˈblʌndər/,n.,大错；v. 犯大错,medium,KAOYAN
blunt,/blʌnt/,adj.,钝的；直率的,medium,KAOYAN
bourgeois,/ˈbʊəʒwɑː/,adj.,资产阶级的；中产阶级的,medium,KAOYAN
breach,/briːtʃ/,n.,违反；缺口；v. 违反,medium,KAOYAN
bribe,/braɪb/,n.,贿赂；v. 行贿,medium,KAOYAN
brittle,/ˈbrɪtl/,adj.,易碎的；脆弱的,medium,KAOYAN
brutal,/ˈbruːtl/,adj.,残忍的；野蛮的,medium,KAOYAN
calamity,/kəˈlæməti/,n.,灾难；灾祸,medium,KAOYAN
capacity,/kəˈpæsəti/,n.,容量；能力；身份,medium,KAOYAN
capitalism,/ˈkæpɪtəlɪzəm/,n.,资本主义,medium,KAOYAN
cascade,/kæˈskeɪd/,n.,瀑布；v. 倾泻,medium,KAOYAN
celestial,/səˈlestiəl/,adj.,天上的；天体的,medium,KAOYAN
cement,/sɪˈment/,n.,水泥；v. 巩固,medium,KAOYAN
censor,/ˈsensər/,n.,审查员；v. 审查,medium,KAOYAN
censure,/ˈsenʃər/,n.,谴责；v. 谴责,medium,KAOYAN
chancellor,/ˈtʃɑːnsələr/,n.,大臣；校长,medium,KAOYAN
chasm,/ˈkæzəm/,n.,深渊；巨大分歧,medium,KAOYAN
chronicle,/ˈkrɒnɪkl/,n.,编年史；v. 记载,medium,KAOYAN
circumference,/səˈkʌmfərəns/,n.,圆周；周长,medium,KAOYAN
civilian,/səˈvɪliən/,n.,平民；adj. 民用的,medium,KAOYAN
clamor,/ˈklæmər/,n.,喧闹；v. 喧嚷,medium,KAOYAN
clarity,/ˈklærəti/,n.,清晰；清楚,medium,KAOYAN
clemency,/ˈklemənsi/,n.,仁慈；宽厚,medium,KAOYAN
coerce,/kəʊˈɜːs/,v.,强迫；胁迫,medium,KAOYAN
cognition,/kɒɡˈnɪʃn/,n.,认知；认识,medium,KAOYAN
coincidence,/kəʊˈɪnsɪdəns/,n.,巧合；一致,medium,KAOYAN
combat,/ˈkɒmbæt/,n.,战斗；v. 与……战斗,medium,KAOYAN
commemorate,/kəˈmeməreɪt/,v.,纪念；庆祝,medium,KAOYAN
commonplace,/ˈkɒmənpleɪs/,adj.,平凡的；n. 寻常事物,medium,KAOYAN
compassion,/kəmˈpæʃn/,n.,同情；怜悯,medium,KAOYAN
compel,/kəmˈpel/,v.,强迫；迫使,medium,KAOYAN
competence,/ˈkɒmpɪtəns/,n.,能力；胜任,medium,KAOYAN
complexion,/kəmˈplekʃn/,n.,肤色；外观,medium,KAOYAN
compliance,/kəmˈplaɪəns/,n.,顺从；遵守,medium,KAOYAN
composite,/ˈkɒmpəzɪt/,adj.,复合的；n. 合成物,medium,KAOYAN
comprehend,/ˌkɒmprɪˈhend/,v.,理解；领会,medium,KAOYAN
compulsory,/kəmˈpʌlsəri/,adj.,义务的；强制的,medium,KAOYAN
conception,/kənˈsepʃn/,n.,概念；构想；怀孕,medium,KAOYAN
concise,/kənˈsaɪs/,adj.,简洁的；简明的,medium,KAOYAN
conducive,/kənˈdjuːsɪv/,adj.,有助于……的,medium,KAOYAN
confine,/kənˈfaɪn/,v.,限制；禁闭,medium,KAOYAN
congregate,/ˈkɒŋɡrɪɡeɪt/,v.,聚集；集合,medium,KAOYAN
conquer,/ˈkɒŋkər/,v.,征服；攻克,medium,KAOYAN
conservation,/ˌkɒnsəˈveɪʃn/,n.,保护；保存,medium,KAOYAN
conspiracy,/kənˈspɪrəsi/,n.,阴谋；密谋,medium,KAOYAN
constituent,/kənˈstɪtjuənt/,n.,成分；选民；adj. 组成的,medium,KAOYAN
constitution,/ˌkɒnstɪˈtjuːʃn/,n.,宪法；构成；体质,medium,KAOYAN
constraint,/kənˈstreɪnt/,n.,限制；约束,medium,KAOYAN
consultancy,/kənˈsʌltənsi/,n.,咨询公司；顾问工作,medium,KAOYAN
contradiction,/ˌkɒntrəˈdɪkʃn/,n.,矛盾；反驳,medium,KAOYAN
contrive,/kənˈtraɪv/,v.,设法做到；设计,medium,KAOYAN
controversy,/ˈkɒntrəvɜːsi/,n.,争论；争议,medium,KAOYAN
convene,/kənˈviːn/,v.,召集；开会,medium,KAOYAN
conversion,/kənˈvɜːʃn/,n.,转换；转变,medium,KAOYAN
conviction,/kənˈvɪkʃn/,n.,信念；定罪,medium,KAOYAN
coordinate,/kəʊˈɔːdɪneɪt/,v.,协调；n. 坐标,medium,KAOYAN
correspondence,/ˌkɒrəˈspɒndəns/,n.,通信；对应,medium,KAOYAN
counterfeit,/ˈkaʊntəfɪt/,adj.,伪造的；n. 赝品,medium,KAOYAN
credential,/krəˈdenʃl/,n.,证书；凭据,medium,KAOYAN
crude,/kruːd/,adj.,粗糙的；天然的；粗鲁的,medium,KAOYAN
cultivate,/ˈkʌltɪveɪt/,v.,培养；耕作；结交,medium,KAOYAN
debase,/dɪˈbeɪs/,v.,贬低；降低,medium,KAOYAN
decisive,/dɪˈsaɪsɪv/,adj.,决定性的；果断的,medium,KAOYAN
decompose,/ˌdiːkəmˈpəʊz/,v.,分解；腐烂,medium,KAOYAN
decree,/dɪˈkriː/,n.,法令；v. 颁布,medium,KAOYAN
defect,/ˈdiːfekt/,n.,缺陷；v. 叛逃,medium,KAOYAN
degenerate,/dɪˈdʒenəreɪt/,v.,退化；堕落,medium,KAOYAN
demise,/dɪˈmaɪz/,n.,死亡；终止,medium,KAOYAN
denote,/dɪˈnəʊt/,v.,表示；意味着,medium,KAOYAN
deplete,/dɪˈpliːt/,v.,耗尽；使枯竭,medium,KAOYAN
deplore,/dɪˈplɔːr/,v.,哀叹；痛惜,medium,KAOYAN
deploy,/dɪˈplɔɪ/,v.,部署；调动,medium,KAOYAN
deputy,/ˈdepjuti/,n.,副手；代表,medium,KAOYAN
derive,/dɪˈraɪv/,v.,源于；获得,medium,KAOYAN
descendant,/dɪˈsendənt/,n.,后裔；后代,medium,KAOYAN
destined,/ˈdestɪnd/,adj.,注定的；预定的,medium,KAOYAN
destruction,/dɪˈstrʌkʃn/,n.,破坏；毁灭,medium,KAOYAN
detach,/dɪˈtætʃ/,v.,拆卸；使分离,medium,KAOYAN
detain,/dɪˈteɪn/,v.,拘留；耽搁,medium,KAOYAN
deter,/dɪˈtɜːr/,v.,制止；威慑,medium,KAOYAN
detriment,/ˈdetrɪmənt/,n.,损害；不利,medium,KAOYAN
devastate,/ˈdevəsteɪt/,v.,摧毁；使震惊,medium,KAOYAN
diagnosis,/ˌdaɪəɡˈnəʊsɪs/,n.,诊断；判断,medium,KAOYAN
digest,/daɪˈdʒest/,v.,消化；理解；n. 文摘,medium,KAOYAN
diligent,/ˈdɪlɪdʒənt/,adj.,勤奋的；用功的,medium,KAOYAN
discern,/dɪˈsɜːn/,v.,辨别；察觉,medium,KAOYAN
discharge,/dɪsˈtʃɑːdʒ/,v.,排放；释放；n. 排出,medium,KAOYAN
discrepancy,/dɪsˈkrepənsi/,n.,差异；不一致,medium,KAOYAN
disdain,/dɪsˈdeɪn/,n.,鄙视；v. 鄙视,medium,KAOYAN
dispense,/dɪˈspens/,v.,分发；免除；配制,medium,KAOYAN
dispute,/dɪˈspjuːt/,n.,争论；纠纷；v. 争论,medium,KAOYAN
disregard,/ˌdɪsrɪˈɡɑːd/,v.,忽视；n. 漠视,medium,KAOYAN
disseminate,/dɪˈsemɪneɪt/,v.,传播；散布,medium,KAOYAN
dissipate,/ˈdɪsɪpeɪt/,v.,消散；挥霍,medium,KAOYAN
distill,/dɪˈstɪl/,v.,蒸馏；提炼,medium,KAOYAN
distract,/dɪˈstrækt/,v.,分散注意力；使分心,medium,KAOYAN
distress,/dɪˈstres/,n.,痛苦；危难；v. 使痛苦,medium,KAOYAN
divine,/dɪˈvaɪn/,adj.,神圣的；极好的,medium,KAOYAN
dome,/dəʊm/,n.,圆顶；穹顶,medium,KAOYAN
domesticate,/dəˈmestɪkeɪt/,v.,驯养；使习惯于家庭生活,medium,KAOYAN
doom,/duːm/,n.,厄运；v. 注定,medium,KAOYAN
drastic,/ˈdræstɪk/,adj.,激烈的；极端的,medium,KAOYAN
dubious,/ˈdjuːbiəs/,adj.,可疑的；犹豫的,medium,KAOYAN
ecosystem,/ˈiːkəʊsɪstəm/,n.,生态系统,medium,KAOYAN
edifice,/ˈedɪfɪs/,n.,大厦；宏伟建筑,medium,KAOYAN
efficacy,/ˈefɪkəsi/,n.,功效；效力,medium,KAOYAN
elicit,/ɪˈlɪsɪt/,v.,引出；诱出,medium,KAOYAN
eligible,/ˈelɪdʒəbl/,adj.,有资格的；符合条件的,medium,KAOYAN
emancipate,/ɪˈmænsɪpeɪt/,v.,解放；解脱,medium,KAOYAN
embassy,/ˈembəsi/,n.,大使馆,medium,KAOYAN
embrace,/ɪmˈbreɪs/,v.,拥抱；欣然接受,medium,KAOYAN
emission,/ɪˈmɪʃn/,n.,排放；散发,medium,KAOYAN
enact,/ɪˈnækt/,v.,颁布；制定,medium,KAOYAN
enchant,/ɪnˈtʃɑːnt/,v.,使着迷；施魔法,medium,KAOYAN
endorse,/ɪnˈdɔːs/,v.,赞同；背书；代言,medium,KAOYAN
enlighten,/ɪnˈlaɪtn/,v.,启发；启蒙；开导,medium,KAOYAN
enlist,/ɪnˈlɪst/,v.,入伍；争取,medium,KAOYAN
enormity,/ɪˈnɔːməti/,n.,巨大；严重性,medium,KAOYAN
entail,/ɪnˈteɪl/,v.,需要；牵涉,medium,KAOYAN
entreat,/ɪnˈtriːt/,v.,恳求；乞求,medium,KAOYAN
equilibrium,/ˌiːkwɪˈlɪbriəm/,n.,平衡；均衡,medium,KAOYAN
era,/ˈɪərə/,n.,时代；纪元,medium,KAOYAN
eradicate,/ɪˈrædɪkeɪt/,v.,根除；消灭,medium,KAOYAN
erroneous,/ɪˈrəʊniəs/,adj.,错误的；不正确的,medium,KAOYAN
espouse,/ɪˈspaʊz/,v.,支持；信奉,medium,KAOYAN
ethnic,/ˈeθnɪk/,adj.,民族的；种族的,medium,KAOYAN
evade,/ɪˈveɪd/,v.,逃避；躲避,medium,KAOYAN
excel,/ɪkˈsel/,v.,擅长；胜过,medium,KAOYAN
exceptional,/ɪkˈsepʃənl/,adj.,杰出的；异常的,medium,KAOYAN
excerpt,/ˈeksɜːpt/,n.,摘录；节选,medium,KAOYAN
exhaustion,/ɪɡˈzɔːstʃn/,n.,精疲力竭；耗尽,medium,KAOYAN
expedite,/ˈekspədaɪt/,v.,加快；促进,medium,KAOYAN
exposition,/ˌekspəˈzɪʃn/,n.,阐述；展览会,medium,KAOYAN
falter,/ˈfɔːltər/,v.,蹒跚；犹豫；衰退,medium,KAOYAN
fanatic,/fəˈnætɪk/,n.,狂热者；adj. 狂热的,medium,KAOYAN
ferocious,/fəˈrəʊʃəs/,adj.,凶猛的；残忍的,medium,KAOYAN
fidelity,/fɪˈdeləti/,n.,忠诚；保真度,medium,KAOYAN
fierce,/fɪəs/,adj.,凶猛的；激烈的,medium,KAOYAN
finite,/ˈfaɪnaɪt/,adj.,有限的；限定的,medium,KAOYAN
foremost,/ˈfɔːməʊst/,adj.,最重要的；最著名的,medium,KAOYAN
fringe,/frɪndʒ/,n.,边缘；刘海；adj. 边缘的,medium,KAOYAN
frugal,/ˈfruːɡl/,adj.,节俭的；朴素的,medium,KAOYAN
galaxy,/ˈɡæləksi/,n.,星系；银河,medium,KAOYAN
garment,/ˈɡɑːmənt/,n.,衣服；服装,medium,KAOYAN
glamour,/ˈɡlæmər/,n.,魅力；诱惑力,medium,KAOYAN
glean,/ɡliːn/,v.,收集；搜集,medium,KAOYAN
grace,/ɡreɪs/,n.,优雅；恩惠；v. 使增光,medium,KAOYAN
grandeur,/ˈɡrændʒər/,n.,宏伟；壮观,medium,KAOYAN
gratitude,/ˈɡrætɪtjuːd/,n.,感激；感谢,medium,KAOYAN
gregarious,/ɡrɪˈɡeəriəs/,adj.,爱交际的；群居的,medium,KAOYAN
grotesque,/ɡrəʊˈtesk/,adj.,怪诞的；奇形怪状的,medium,KAOYAN
grueling,/ˈɡruːəlɪŋ/,adj.,累人的；折磨人的,medium,KAOYAN
guerrilla,/ɡəˈrɪlə/,n.,游击队员,medium,KAOYAN
hazard,/ˈhæzəd/,n.,危险；危害；v. 冒险,medium,KAOYAN
hegemony,/hɪˈdʒeməni/,n.,霸权；支配权,medium,KAOYAN
herald,/ˈherəld/,v.,预示；宣布；n. 先驱,medium,KAOYAN
hindrance,/ˈhɪndrəns/,n.,妨碍；障碍,medium,KAOYAN
holocaust,/ˈhɒləkɔːst/,n.,大屠杀；浩劫,medium,KAOYAN
hostility,/hɒˈstɪləti/,n.,敌意；敌对,medium,KAOYAN
humane,/hjuːˈmeɪn/,adj.,人道的；仁慈的,medium,KAOYAN
hurl,/hɜːl/,v.,猛掷；大声说出,medium,KAOYAN
hypothesis,/haɪˈpɒθəsɪs/,n.,假说；假设,medium,KAOYAN
identical,/aɪˈdentɪkl/,adj.,完全相同的；同一的,medium,KAOYAN
idle,/ˈaɪdl/,adj.,空闲的；懒散的；v. 虚度,medium,KAOYAN
impeach,/ɪmˈpiːtʃ/,v.,弹劾；指控,medium,KAOYAN
impose,/ɪmˈpəʊz/,v.,强加；征税；利用,medium,KAOYAN
incite,/ɪnˈsaɪt/,v.,煽动；激励,medium,KAOYAN
indict,/ɪnˈdaɪt/,v.,起诉；控告,medium,KAOYAN
innate,/ɪˈneɪt/,adj.,天生的；固有的,medium,KAOYAN
inquisitive,/ɪnˈkwɪzətɪv/,adj.,好问的；好奇的,medium,KAOYAN
insistent,/ɪnˈsɪstənt/,adj.,坚持的；急切的,medium,KAOYAN
intent,/ɪnˈtent/,n.,意图；adj. 专心的,medium,KAOYAN
intercourse,/ˈɪntəkɔːs/,n.,交往；交流,medium,KAOYAN
interim,/ˈɪntərɪm/,adj.,临时的；n. 间歇,medium,KAOYAN
invariable,/ɪnˈveəriəbl/,adj.,不变的；恒定的,medium,KAOYAN
invert,/ɪnˈvɜːt/,v.,使颠倒；反转,medium,KAOYAN
irrational,/ɪˈræʃənl/,adj.,不理性的；荒谬的,medium,KAOYAN
juvenile,/ˈdʒuːvənaɪl/,adj.,青少年的；n. 青少年,medium,KAOYAN
kindle,/ˈkɪndl/,v.,点燃；激起,medium,KAOYAN
lament,/ləˈment/,v.,哀悼；痛惜；n. 挽歌,medium,KAOYAN
legacy,/ˈleɡəsi/,n.,遗产；遗留物,medium,KAOYAN
liberate,/ˈlɪbəreɪt/,v.,解放；释放,medium,KAOYAN
longevity,/lɒnˈdʒevəti/,n.,长寿；持久,medium,KAOYAN
lucrative,/ˈluːkrətɪv/,adj.,利润丰厚的；赚钱的,medium,KAOYAN
lure,/lʊər/,n.,诱惑；v. 引诱,medium,KAOYAN
lust,/lʌst/,n.,欲望；渴望,medium,KAOYAN
magnitude,/ˈmæɡnɪtjuːd/,n.,巨大；重要性；震级,medium,KAOYAN
mandate,/ˈmændeɪt/,n.,授权；命令；v. 强制,medium,KAOYAN
maneuver,/məˈnuːvər/,n.,策略；演习；v. 操纵,medium,KAOYAN
marital,/ˈmærɪtl/,adj.,婚姻的；夫妻的,medium,KAOYAN
mastery,/ˈmɑːstəri/,n.,精通；掌握,medium,KAOYAN
maxim,/ˈmæksɪm/,n.,格言；箴言,medium,KAOYAN
meditate,/ˈmedɪteɪt/,v.,冥想；沉思,medium,KAOYAN
melancholy,/ˈmelənkəli/,n.,忧郁；adj. 忧郁的,medium,KAOYAN
metaphor,/ˈmetəfər/,n.,隐喻；比喻,medium,KAOYAN
nail,/neɪl/,n.,指甲；钉子；v. 钉住,medium,KAOYAN
neglect,/nɪˈɡlekt/,v.,忽视；疏忽；n. 疏忽,medium,KAOYAN
nominal,/ˈnɒmɪnl/,adj.,名义上的；微不足道的,medium,KAOYAN
notion,/ˈnəʊʃn/,n.,概念；观念；想法,medium,KAOYAN
nurture,/ˈnɜːtʃər/,v.,养育；培养；n. 教养,medium,KAOYAN
obedience,/əˈbiːdiəns/,n.,服从；顺从,medium,KAOYAN
obstinate,/ˈɒbstɪnət/,adj.,固执的；倔强的,medium,KAOYAN
abandon,/əˈbændən/,v.,放弃；抛弃,hard,IELTS
academic,/ˌækəˈdemɪk/,adj.,学术的；学院的,hard,IELTS
accommodation,/əˌkɒməˈdeɪʃn/,n.,住宿；调节；和解,hard,IELTS
adaptation,/ˌædæpˈteɪʃn/,n.,适应；改编,hard,IELTS
adequate,/ˈædɪkwət/,adj.,足够的；适当的,hard,IELTS
administration,/ədˌmɪnɪˈstreɪʃn/,n.,管理；行政,hard,IELTS
agenda,/əˈdʒendə/,n.,议程；日程,hard,IELTS
agriculture,/ˈæɡrɪkʌltʃər/,n.,农业,hard,IELTS
ambition,/æmˈbɪʃn/,n.,雄心；抱负,hard,IELTS
analyze,/ˈænəlaɪz/,v.,分析,hard,IELTS
ancient,/ˈeɪnʃənt/,adj.,古代的；古老的,hard,IELTS
anthropology,/ˌænθrəˈpɒlədʒi/,n.,人类学,hard,IELTS
apparent,/əˈpærənt/,adj.,显然的；表面上的,hard,IELTS
archaeology,/ˌɑːkiˈɒlədʒi/,n.,考古学,hard,IELTS
architecture,/ˈɑːkɪtektʃər/,n.,建筑学；建筑设计,hard,IELTS
artificial,/ˌɑːtɪˈfɪʃl/,adj.,人工的；人造的,hard,IELTS
assessment,/əˈsesmənt/,n.,评估；评价,hard,IELTS
atmosphere,/ˈætməsfɪər/,n.,大气；气氛,hard,IELTS
attitude,/ˈætɪtjuːd/,n.,态度；看法,hard,IELTS
available,/əˈveɪləbl/,adj.,可获得的；有空的,hard,IELTS
awareness,/əˈweənəs/,n.,意识；认识,hard,IELTS
behavior,/bɪˈheɪvjər/,n.,行为；举止,hard,IELTS
beneficial,/ˌbenɪˈfɪʃl/,adj.,有益的；有利的,hard,IELTS
biodiversity,/ˌbaɪəʊdaɪˈvɜːsəti/,n.,生物多样性,hard,IELTS
capacity,/kəˈpæsəti/,n.,容量；能力；身份,hard,IELTS
circumstance,/ˈsɜːkəmstəns/,n.,环境；情况,hard,IELTS
climate,/ˈklaɪmət/,n.,气候,hard,IELTS
cognitive,/ˈkɒɡnətɪv/,adj.,认知的,hard,IELTS
community,/kəˈmjuːnəti/,n.,社区；团体,hard,IELTS
consequence,/ˈkɒnsɪkwəns/,n.,后果；结果,hard,IELTS
conservation,/ˌkɒnsəˈveɪʃn/,n.,保护；保存,hard,IELTS
contemporary,/kənˈtemprəri/,adj.,当代的；同时代的,hard,IELTS
contribution,/ˌkɒntrɪˈbjuːʃn/,n.,贡献；捐款,hard,IELTS
convenience,/kənˈviːniəns/,n.,便利；方便,hard,IELTS
criterion,/kraɪˈtɪəriən/,n.,标准；准则,hard,IELTS
debate,/dɪˈbeɪt/,n.,辩论；争论,hard,IELTS
decade,/ˈdekeɪd/,n.,十年,hard,IELTS
demographic,/ˌdeməˈɡræfɪk/,adj.,人口统计的；n. 人群,hard,IELTS
density,/ˈdensəti/,n.,密度；稠密,hard,IELTS
destruction,/dɪˈstrʌkʃn/,n.,破坏；毁灭,hard,IELTS
development,/dɪˈveləpmənt/,n.,发展；开发,hard,IELTS
diversity,/daɪˈvɜːsəti/,n.,多样性,hard,IELTS
domestic,/dəˈmestɪk/,adj.,国内的；家庭的,hard,IELTS
ecology,/iˈkɒlədʒi/,n.,生态学；生态,hard,IELTS
efficient,/ɪˈfɪʃnt/,adj.,高效的；效率高的,hard,IELTS
emission,/ɪˈmɪʃn/,n.,排放；散发,hard,IELTS
employment,/ɪmˈplɔɪmənt/,n.,就业；雇用,hard,IELTS
encounter,/ɪnˈkaʊntər/,v.,遭遇；遇到；n. 相遇,hard,IELTS
endangered,/ɪnˈdeɪndʒəd/,adj.,濒危的,hard,IELTS
environmental,/ɪnˌvaɪrənˈmentl/,adj.,环境的,hard,IELTS
equilibrium,/ˌiːkwɪˈlɪbriəm/,n.,平衡；均衡,hard,IELTS
essential,/ɪˈsenʃl/,adj.,必不可少的；本质的,hard,IELTS
estimate,/ˈestɪmeɪt/,v.,估计；n. 估计,hard,IELTS
evidence,/ˈevɪdəns/,n.,证据；迹象,hard,IELTS
evolution,/ˌiːvəˈluːʃn/,n.,进化；演变,hard,IELTS
expenditure,/ɪkˈspendɪtʃər/,n.,支出；花费,hard,IELTS
expertise,/ˌekspɜːˈtiːz/,n.,专业知识；专门技能,hard,IELTS
exploitation,/ˌeksplɔɪˈteɪʃn/,n.,开发；剥削；利用,hard,IELTS
facility,/fəˈsɪləti/,n.,设施；设备；便利,hard,IELTS
famine,/ˈfæmɪn/,n.,饥荒,hard,IELTS
fertility,/fəˈtɪləti/,n.,肥沃；生育力,hard,IELTS
flexibility,/ˌfleksəˈbɪləti/,n.,灵活性；柔韧性,hard,IELTS
foundation,/faʊnˈdeɪʃn/,n.,基础；基金会；建立,hard,IELTS
fossil,/ˈfɒsl/,n.,化石；顽固不化的人,hard,IELTS
framework,/ˈfreɪmwɜːk/,n.,框架；结构,hard,IELTS
genetic,/dʒəˈnetɪk/,adj.,基因的；遗传的,hard,IELTS
geography,/dʒiˈɒɡrəfi/,n.,地理；地理学,hard,IELTS
globalization,/ˌɡləʊbəlaɪˈzeɪʃn/,n.,全球化,hard,IELTS
habitat,/ˈhæbɪtæt/,n.,栖息地,hard,IELTS
heritage,/ˈherɪtɪdʒ/,n.,遗产；传统,hard,IELTS
hierarchy,/ˈhaɪərɑːki/,n.,等级制度；层级,hard,IELTS
humanity,/hjuːˈmænəti/,n.,人类；人道；人文学科,hard,IELTS
hypothesis,/haɪˈpɒθəsɪs/,n.,假说；假设,hard,IELTS
identity,/aɪˈdentəti/,n.,身份；同一性,hard,IELTS
immigration,/ˌɪmɪˈɡreɪʃn/,n.,移民；移居,hard,IELTS
impact,/ˈɪmpækt/,n.,影响；冲击；v. 影响,hard,IELTS
implementation,/ˌɪmplɪmenˈteɪʃn/,n.,实施；执行,hard,IELTS
incentive,/ɪnˈsentɪv/,n.,激励；刺激,hard,IELTS
industrialization,/ɪnˌdʌstriəlaɪˈzeɪʃn/,n.,工业化,hard,IELTS
infrastructure,/ˈɪnfrəstrʌktʃər/,n.,基础设施,hard,IELTS
innovation,/ˌɪnəˈveɪʃn/,n.,创新；革新,hard,IELTS
institution,/ˌɪnstɪˈtjuːʃn/,n.,机构；制度；惯例,hard,IELTS
integration,/ˌɪntɪˈɡreɪʃn/,n.,整合；一体化,hard,IELTS
interaction,/ˌɪntərˈækʃn/,n.,互动；相互作用,hard,IELTS
international,/ˌɪntəˈnæʃnəl/,adj.,国际的,hard,IELTS
investment,/ɪnˈvestmənt/,n.,投资；投入,hard,IELTS
irrigation,/ˌɪrɪˈɡeɪʃn/,n.,灌溉,hard,IELTS
landscape,/ˈlændskeɪp/,n.,风景；景观,hard,IELTS
legislation,/ˌledʒɪsˈleɪʃn/,n.,立法；法规,hard,IELTS
literacy,/ˈlɪtərəsi/,n.,读写能力；素养,hard,IELTS
livelihood,/ˈlaɪvlihʊd/,n.,生计；谋生,hard,IELTS
maintenance,/ˈmeɪntənəns/,n.,维护；保养,hard,IELTS
management,/ˈmænɪdʒmənt/,n.,管理；经营,hard,IELTS
manufacturing,/ˌmænjuˈfæktʃərɪŋ/,n.,制造业,hard,IELTS
marine,/məˈriːn/,adj.,海洋的；n. 海军陆战队士兵,hard,IELTS
measurement,/ˈmeʒəmənt/,n.,测量；度量,hard,IELTS
migration,/maɪˈɡreɪʃn/,n.,迁移；移居,hard,IELTS
mineral,/ˈmɪnərəl/,n.,矿物；adj. 矿物的,hard,IELTS
mobility,/məʊˈbɪləti/,n.,流动性；移动性,hard,IELTS
modification,/ˌmɒdɪfɪˈkeɪʃn/,n.,修改；改良,hard,IELTS
monitoring,/ˈmɒnɪtərɪŋ/,n.,监控；监测,hard,IELTS
mortality,/mɔːˈtæləti/,n.,死亡率；必死性,hard,IELTS
motivation,/ˌməʊtɪˈveɪʃn/,n.,动机；动力,hard,IELTS
negotiation,/nɪˌɡəʊʃiˈeɪʃn/,n.,谈判；协商,hard,IELTS
nutrition,/njuˈtrɪʃn/,n.,营养；营养学,hard,IELTS
occupation,/ˌɒkjuˈpeɪʃn/,n.,职业；占领；占用,hard,IELTS
organism,/ˈɔːɡənɪzəm/,n.,生物；有机体,hard,IELTS
orientation,/ˌɔːriənˈteɪʃn/,n.,方向；定向；适应,hard,IELTS
participation,/pɑːˌtɪsɪˈpeɪʃn/,n.,参与；参加,hard,IELTS
perception,/pəˈsepʃn/,n.,感知；看法；洞察力,hard,IELTS
phenomenon,/fəˈnɒmɪnən/,n.,现象,hard,IELTS
philosophy,/fəˈlɒsəfi/,n.,哲学；人生观,hard,IELTS
physiology,/ˌfɪziˈɒlədʒi/,n.,生理学,hard,IELTS
pollution,/pəˈluːʃn/,n.,污染,hard,IELTS
population,/ˌpɒpjuˈleɪʃn/,n.,人口；种群,hard,IELTS
prediction,/prɪˈdɪkʃn/,n.,预测；预言,hard,IELTS
prevalence,/ˈprevələns/,n.,流行；普遍,hard,IELTS
productivity,/ˌprɒdʌkˈtɪvəti/,n.,生产力；生产率,hard,IELTS
psychology,/saɪˈkɒlədʒi/,n.,心理学；心理,hard,IELTS
recreation,/ˌrekriˈeɪʃn/,n.,娱乐；消遣,hard,IELTS
reduction,/rɪˈdʌkʃn/,n.,减少；降低,hard,IELTS
regulation,/ˌreɡjuˈleɪʃn/,n.,规则；管理；调节,hard,IELTS
rehabilitation,/ˌriːəˌbɪlɪˈteɪʃn/,n.,康复；修复；改造,hard,IELTS
relevant,/ˈreləvənt/,adj.,相关的；切题的,hard,IELTS
reliability,/rɪˌlaɪəˈbɪləti/,n.,可靠性,hard,IELTS
renewable,/rɪˈnjuːəbl/,adj.,可再生的,hard,IELTS
research,/rɪˈsɜːtʃ/,n.,研究；调查；v. 研究,hard,IELTS
resilience,/rɪˈzɪliəns/,n.,韧性；恢复力,hard,IELTS
resource,/rɪˈsɔːs/,n.,资源；财力,hard,IELTS
restriction,/rɪˈstrɪkʃn/,n.,限制；约束,hard,IELTS
sedentary,/ˈsedntri/,adj.,久坐的；定居的,hard,IELTS
significant,/sɪɡˈnɪfɪkənt/,adj.,重要的；显著的,hard,IELTS
simulation,/ˌsɪmjuˈleɪʃn/,n.,模拟；仿真,hard,IELTS
species,/ˈspiːʃiːz/,n.,物种；种类,hard,IELTS
stability,/stəˈbɪləti/,n.,稳定；稳固,hard,IELTS
statistics,/stəˈtɪstɪks/,n.,统计数据；统计学,hard,IELTS
stimulus,/ˈstɪmjələs/,n.,刺激物；促进因素,hard,IELTS
strategy,/ˈstrætədʒi/,n.,策略；战略,hard,IELTS
subsistence,/səbˈsɪstəns/,n.,生存；生计,hard,IELTS
sustainability,/səˌsteɪnəˈbɪləti/,n.,可持续性,hard,IELTS
technology,/tekˈnɒlədʒi/,n.,技术；科技,hard,IELTS
urbanization,/ˌɜːbənaɪˈzeɪʃn/,n.,城市化,hard,IELTS
urban,/ˈɜːbən/,adj.,城市的；都市的,hard,IELTS
variation,/ˌveəriˈeɪʃn/,n.,变化；变异,hard,IELTS
vegetation,/ˌvedʒəˈteɪʃn/,n.,植被；植物,hard,IELTS
volunteer,/ˌvɒlənˈtɪər/,n.,志愿者；v. 自愿,hard,IELTS
welfare,/ˈwelfeər/,n.,福利；幸福,hard,IELTS
abundant,/əˈbʌndənt/,adj.,丰富的；充裕的,hard,TOEFL
accelerate,/əkˈseləreɪt/,v.,加速；促进,hard,TOEFL
accumulate,/əˈkjuːmjəleɪt/,v.,积累；积聚,hard,TOEFL
acknowledge,/əkˈnɒlɪdʒ/,v.,承认；致谢,hard,TOEFL
adapt,/əˈdæpt/,v.,适应；改编,hard,TOEFL
adversity,/ədˈvɜːsəti/,n.,逆境；不幸,hard,TOEFL
aesthetic,/iːsˈθetɪk/,adj.,美学的；审美的,hard,TOEFL
aggravate,/ˈæɡrəveɪt/,v.,加重；恶化；激怒,hard,TOEFL
alleviate,/əˈliːvieɪt/,v.,减轻；缓解,hard,TOEFL
ambiguous,/æmˈbɪɡjuəs/,adj.,模棱两可的；含糊的,hard,TOEFL
analogy,/əˈnælədʒi/,n.,类比；相似,hard,TOEFL
anomaly,/əˈnɒməli/,n.,异常；反常事物,hard,TOEFL
anthropology,/ˌænθrəˈpɒlədʒi/,n.,人类学,hard,TOEFL
arbitrary,/ˈɑːbɪtrəri/,adj.,任意的；武断的,hard,TOEFL
archaeology,/ˌɑːkiˈɒlədʒi/,n.,考古学,hard,TOEFL
assess,/əˈses/,v.,评估；估价,hard,TOEFL
attribute,/əˈtrɪbjuːt/,v.,归因于；n. 属性,hard,TOEFL
authentic,/ɔːˈθentɪk/,adj.,真实的；可靠的,hard,TOEFL
autonomy,/ɔːˈtɒnəmi/,n.,自治；自主权,hard,TOEFL
benevolent,/bəˈnevələnt/,adj.,仁慈的；慈善的,hard,TOEFL
bias,/ˈbaɪəs/,n.,偏见；v. 使有偏见,hard,TOEFL
catalyst,/ˈkætəlɪst/,n.,催化剂；促进因素,hard,TOEFL
chronological,/ˌkrɒnəˈlɒdʒɪkl/,adj.,按时间顺序的,hard,TOEFL
coherent,/kəʊˈhɪərənt/,adj.,连贯的；一致的,hard,TOEFL
coincide,/ˌkəʊɪnˈsaɪd/,v.,同时发生；一致,hard,TOEFL
compensate,/ˈkɒmpenseɪt/,v.,补偿；赔偿,hard,TOEFL
comprehensive,/ˌkɒmprɪˈhensɪv/,adj.,全面的；综合的,hard,TOEFL
concede,/kənˈsiːd/,v.,承认；让步,hard,TOEFL
condense,/kənˈdens/,v.,压缩；凝结,hard,TOEFL
contemplate,/ˈkɒntəmpleɪt/,v.,沉思；考虑,hard,TOEFL
controversial,/ˌkɒntrəˈvɜːʃl/,adj.,有争议的,hard,TOEFL
conventional,/kənˈvenʃənl/,adj.,传统的；常规的,hard,TOEFL
criterion,/kraɪˈtɪəriən/,n.,标准；准则,hard,TOEFL
deduce,/dɪˈdjuːs/,v.,推断；演绎,hard,TOEFL
deficiency,/dɪˈfɪʃnsi/,n.,缺乏；不足；缺陷,hard,TOEFL
deliberate,/dɪˈlɪbərət/,adj.,故意的；深思熟虑的,hard,TOEFL
demonstrate,/ˈdemənstreɪt/,v.,证明；演示；示威,hard,TOEFL
deplete,/dɪˈpliːt/,v.,耗尽；使枯竭,hard,TOEFL
derive,/dɪˈraɪv/,v.,源于；获得,hard,TOEFL
diminish,/dɪˈmɪnɪʃ/,v.,减少；减弱；贬低,hard,TOEFL
discern,/dɪˈsɜːn/,v.,辨别；察觉,hard,TOEFL
disperse,/dɪˈspɜːs/,v.,驱散；散开,hard,TOEFL
dispute,/dɪˈspjuːt/,n.,争论；纠纷；v. 争论,hard,TOEFL
distinct,/dɪˈstɪŋkt/,adj.,明显的；不同的,hard,TOEFL
distort,/dɪˈstɔːt/,v.,扭曲；歪曲,hard,TOEFL
diverse,/daɪˈvɜːs/,adj.,多样的；不同的,hard,TOEFL
doctrine,/ˈdɒktrɪn/,n.,教义；学说；原则,hard,TOEFL
dominant,/ˈdɒmɪnənt/,adj.,占优势的；主导的,hard,TOEFL
elaborate,/ɪˈlæbərət/,adj.,精心制作的；v. 详细说明,hard,TOEFL
empirical,/ɪmˈpɪrɪkl/,adj.,经验主义的；实证的,hard,TOEFL
enhance,/ɪnˈhɑːns/,v.,提高；增强,hard,TOEFL
era,/ˈɪərə/,n.,时代；纪元,hard,TOEFL
erode,/ɪˈrəʊd/,v.,侵蚀；腐蚀；削弱,hard,TOEFL
evident,/ˈevɪdənt/,adj.,明显的,hard,TOEFL
explicit,/ɪkˈsplɪsɪt/,adj.,明确的；直言的,hard,TOEFL
exploit,/ɪkˈsplɔɪt/,v.,开发；利用；剥削,hard,TOEFL
facilitate,/fəˈsɪlɪteɪt/,v.,促进；使便利,hard,TOEFL
feasible,/ˈfiːzəbl/,adj.,可行的；行得通的,hard,TOEFL
fluctuate,/ˈflʌktʃueɪt/,v.,波动；起伏,hard,TOEFL
formulate,/ˈfɔːmjuleɪt/,v.,制定；阐述,hard,TOEFL
fossil,/ˈfɒsl/,n.,化石；顽固不化的人,hard,TOEFL
fragment,/ˈfræɡmənt/,n.,碎片；片段,hard,TOEFL
fundamental,/ˌfʌndəˈmentl/,adj.,基本的；根本的,hard,TOEFL
generate,/ˈdʒenəreɪt/,v.,产生；发电,hard,TOEFL
hypothesis,/haɪˈpɒθəsɪs/,n.,假说；假设,hard,TOEFL
identify,/aɪˈdentɪfaɪ/,v.,识别；确认,hard,TOEFL
illustrate,/ˈɪləstreɪt/,v.,说明；举例说明；加插图,hard,TOEFL
immense,/ɪˈmens/,adj.,巨大的；广大的,hard,TOEFL
implication,/ˌɪmplɪˈkeɪʃn/,n.,含义；影响；牵连,hard,TOEFL
imply,/ɪmˈplaɪ/,v.,暗示；意味着,hard,TOEFL
incentive,/ɪnˈsentɪv/,n.,激励；刺激,hard,TOEFL
indigenous,/ɪnˈdɪdʒənəs/,adj.,本地的；土生土长的,hard,TOEFL
inevitable,/ɪnˈevɪtəbl/,adj.,不可避免的,hard,TOEFL
infer,/ɪnˈfɜːr/,v.,推断；推论,hard,TOEFL
inherent,/ɪnˈhɪərənt/,adj.,固有的；内在的,hard,TOEFL
integral,/ˈɪntɪɡrəl/,adj.,不可或缺的；完整的,hard,TOEFL
integrate,/ˈɪntɪɡreɪt/,v.,整合；融入,hard,TOEFL
intensive,/ɪnˈtensɪv/,adj.,密集的；加强的,hard,TOEFL
intervene,/ˌɪntəˈviːn/,v.,干预；介入,hard,TOEFL
intricate,/ˈɪntrɪkət/,adj.,错综复杂的,hard,TOEFL
legitimate,/lɪˈdʒɪtɪmət/,adj.,合法的；正当的,hard,TOEFL
manifest,/ˈmænɪfest/,adj.,明显的；v. 显示；证明,hard,TOEFL
metabolism,/məˈtæbəlɪzəm/,n.,新陈代谢,hard,TOEFL
methodology,/ˌmeθəˈdɒlədʒi/,n.,方法论；方法,hard,TOEFL
migrate,/maɪˈɡreɪt/,v.,迁移；移居,hard,TOEFL
moderate,/ˈmɒdərət/,adj.,适度的；温和的,hard,TOEFL
notion,/ˈnəʊʃn/,n.,概念；观念；想法,hard,TOEFL
novel,/ˈnɒvl/,n.,小说；adj. 新颖的,hard,TOEFL
nurture,/ˈnɜːtʃər/,v.,养育；培养；n. 教养,hard,TOEFL
obscure,/əbˈskjʊər/,adj.,模糊的；晦涩的；v. 掩盖,hard,TOEFL
occurrence,/əˈkʌrəns/,n.,发生；出现的事件,hard,TOEFL
optimal,/ˈɒptɪml/,adj.,最佳的；最优的,hard,TOEFL
paradigm,/ˈpærədaɪm/,n.,范式；范例,hard,TOEFL
perceive,/pəˈsiːv/,v.,感知；察觉；理解,hard,TOEFL
perspective,/pəˈspektɪv/,n.,观点；透视；视角,hard,TOEFL
phenomenon,/fəˈnɒmɪnən/,n.,现象,hard,TOEFL
precede,/prɪˈsiːd/,v.,先于；在……之前,hard,TOEFL
predominant,/prɪˈdɒmɪnənt/,adj.,占主导地位的；主要的,hard,TOEFL
presume,/prɪˈzjuːm/,v.,假定；推测,hard,TOEFL
prevail,/prɪˈveɪl/,v.,盛行；占优势,hard,TOEFL
profound,/prəˈfaʊnd/,adj.,深刻的；深远的,hard,TOEFL
proliferate,/prəˈlɪfəreɪt/,v.,激增；增殖,hard,TOEFL
prominent,/ˈprɒmɪnənt/,adj.,突出的；著名的,hard,TOEFL
proportion,/prəˈpɔːʃn/,n.,比例；部分,hard,TOEFL
quantify,/ˈkwɒntɪfaɪ/,v.,量化；定量,hard,TOEFL
radical,/ˈrædɪkl/,adj.,根本的；激进的；n. 激进分子,hard,TOEFL
rational,/ˈræʃnəl/,adj.,理性的；合理的,hard,TOEFL
refute,/rɪˈfjuːt/,v.,反驳；驳斥,hard,TOEFL
reinforce,/ˌriːɪnˈfɔːs/,v.,加强；强化,hard,TOEFL
relevant,/ˈreləvənt/,adj.,相关的；切题的,hard,TOEFL
reliable,/rɪˈlaɪəbl/,adj.,可靠的；可信赖的,hard,TOEFL
resemble,/rɪˈzembl/,v.,像；类似于,hard,TOEFL
resilient,/rɪˈzɪliənt/,adj.,有韧性的；能恢复的,hard,TOEFL
rigorous,/ˈrɪɡərəs/,adj.,严格的；严谨的,hard,TOEFL
scenario,/səˈnɑːriəʊ/,n.,情景；方案,hard,TOEFL
sediment,/ˈsedɪmənt/,n.,沉淀物；沉积物,hard,TOEFL
significant,/sɪɡˈnɪfɪkənt/,adj.,重要的；显著的,hard,TOEFL
simulate,/ˈsɪmjuleɪt/,v.,模拟；仿真,hard,TOEFL
sole,/səʊl/,adj.,唯一的；单独的；n. 鞋底,hard,TOEFL
sophisticated,/səˈfɪstɪkeɪtɪd/,adj.,复杂精密的；老练的,hard,TOEFL
speculate,/ˈspekjuleɪt/,v.,推测；投机,hard,TOEFL
spontaneous,/spɒnˈteɪniəs/,adj.,自发的；自然的,hard,TOEFL
stability,/stəˈbɪləti/,n.,稳定；稳固,hard,TOEFL
stimulate,/ˈstɪmjuleɪt/,v.,刺激；激励,hard,TOEFL
subsequent,/ˈsʌbsɪkwənt/,adj.,随后的；后来的,hard,TOEFL
substantial,/səbˈstænʃl/,adj.,大量的；实质的,hard,TOEFL
subtle,/ˈsʌtl/,adj.,微妙的；敏锐的；精细的,hard,TOEFL
sufficient,/səˈfɪʃnt/,adj.,足够的；充分的,hard,TOEFL
superb,/suːˈpɜːb/,adj.,极好的；出色的,hard,TOEFL
supplement,/ˈsʌplɪmənt/,n.,补充；增刊；v. 补充,hard,TOEFL
surpass,/səˈpɑːs/,v.,超过；超越,hard,TOEFL
susceptible,/səˈseptəbl/,adj.,易受影响的；敏感的,hard,TOEFL
sustain,/səˈsteɪn/,v.,维持；支撑；遭受,hard,TOEFL
terrestrial,/təˈrestriəl/,adj.,陆地的；地球的,hard,TOEFL
theoretical,/ˌθɪəˈretɪkl/,adj.,理论的,hard,TOEFL
trace,/treɪs/,v.,追踪；追溯；n. 痕迹,hard,TOEFL
transform,/trænsˈfɔːm/,v.,转变；改造,hard,TOEFL
transition,/trænˈzɪʃn/,n.,过渡；转变,hard,TOEFL
ultimately,/ˈʌltɪmətli/,adv.,最终；归根结底,hard,TOEFL
underlying,/ˌʌndəˈlaɪɪŋ/,adj.,潜在的；根本的,hard,TOEFL
undermine,/ˌʌndəˈmaɪn/,v.,削弱；逐渐损害,hard,TOEFL
unique,/juˈniːk/,adj.,独特的；独一无二的,hard,TOEFL
utilize,/ˈjuːtəlaɪz/,v.,利用,hard,TOEFL
vary,/ˈveəri/,v.,变化；不同,hard,TOEFL
versatile,/ˈvɜːsətaɪl/,adj.,多才多艺的；多用途的,hard,TOEFL
vulnerable,/ˈvʌlnərəbl/,adj.,脆弱的；易受伤的,hard,TOEFL
whereas,/ˌweərˈæz/,conj.,然而；鉴于,hard,TOEFL
